Name,Honour_Board,Championship,Year,Decade,Place,Type,Location,Country
B Bowden,Commonwealth Games,Commonwealth Games XV,1994,1990-1999,Gold,Pairs,Victoria,CAN
B Scott,Commonwealth Games,Commonwealth Games XVIII,2006,2000-2009,Gold,Individual,Melbourne,AUS
B Scott,Commonwealth Games,Commonwealth Games XVIII,2006,2000-2009,Silver,Pairs,Melbourne,AUS
B Wood,Commonwealth Games,Commonwealth Games XIV,1990,1990-1999,Silver,Pairs,Auckland,NZ
G Ayling,Commonwealth Games,Commonwealth Games XII,1982,1980-1989,Gold,Pairs,Brisbane,AUS
G Grenfell,Commonwealth Games,Commonwealth Games XV,1994,1990-1999,Gold,Pairs,Victoria,CAN
J Bailey,Commonwealth Games,Commonwealth Games XXI,2018,2010-2019,Silver,Individual,Gold Coast,AUS
J Corbett,Commonwealth Games,Commonwealth Games XIV,1990,1990-1999,Bronze,Individual,Auckland,NZ
J Corbett,Commonwealth Games,Commonwealth Games XVIII,2006,2000-2009,Bronze,Individual,Melbourne,AUS
J Corbett,Commonwealth Games,Commonwealth Games XIX,2010,2010-2019,Silver,Individual,Delhi,IND
J Corbett,Commonwealth Games,Commonwealth Games XIII,1986,1980-1989,Silver,Pairs,Edinburgh,SCO
J Corbett,Commonwealth Games,Commonwealth Games XIV,1990,1990-1999,Silver,Pairs,Auckland,NZ
J Corbett,Commonwealth Games,Commonwealth Games XVIII,2006,2000-2009,Silver,Pairs,Melbourne,AUS
K Affleck,Commonwealth Games,Commonwealth Games XII,1982,1980-1989,Gold,Pairs,Brisbane,AUS
S Golinski,Commonwealth Games,Commonwealth Games XIII,1986,1980-1989,Gold,Individual,Edinburgh,SCO
S Golinski,Commonwealth Games,Commonwealth Games XIII,1986,1980-1989,Silver,Pairs,Edinburgh,SCO
A Bain,Kings/Queens,SA,1933,1930-1939,1st,Individual,SA,AUS
A Bell,Kings/Queens,ACT,2008,2000-2009,1st,Individual,ACT,AUS
A Bidgood,Kings/Queens,QLD,2018,2010-2019,1st,Individual,QLD,AUS
A Bidgood,Kings/Queens,NSW,2024,2020-2029,1st,Individual,NSW,AUS
A Boyes,Kings/Queens,TAS,1949,1940-1949,1st,Individual,TAS,AUS
A Brooks,Kings/Queens,NSW,1894,1890-1899,1st,Individual,NSW,AUS
A Burling,Kings/Queens,NQ,1964,1960-1969,1st,Individual,NQ,AUS
A Burling,Kings/Queens,QLD,1964,1960-1969,1st,Individual,QLD,AUS
A Burling,Kings/Queens,QLD,1974,1970-1979,1st,Individual,QLD,AUS
A Carter,Kings/Queens,VIC,1898,1890-1899,1st,Individual,VIC,AUS
A Carter,Kings/Queens,VIC,1900,1900-1909,1st,Individual,VIC,AUS
A Cutler,Kings/Queens,QLD,1909,1900-1909,1st,Individual,QLD,AUS
A Cutler,Kings/Queens,VIC,1903,1900-1909,1st,Individual,VIC,AUS
AT Davies,Kings/Queens,NAT,2019,2010-2019,1st,Individual,NAT,AUS
A Duncan,Kings/Queens,NQ,1951,1950-1959,1st,Individual,NQ,AUS
A Duncan,Kings/Queens,QLD,1951,1950-1959,1st,Individual,QLD,AUS
A Faulkner,Kings/Queens,TAS,1931,1930-1939,1st,Individual,TAS,AUS
A Ferguson,Kings/Queens,QLD,1897,1890-1899,1st,Individual,QLD,AUS
A Francis,Kings/Queens,WA,1951,1950-1959,1st,Individual,WA,AUS
A Grant,Kings/Queens,NSW,1888,1880-1889,1st,Individual,NSW,AUS
A Grant,Kings/Queens,TAS,1908,1900-1909,1st,Individual,TAS,AUS
A Halliday,Kings/Queens,VIC,1913,1910-1919,1st,Individual,VIC,AUS
A Halstead,Kings/Queens,TAS,1996,1990-1999,1st,Individual,TAS,AUS
A Hobbs,Kings/Queens,VIC,1992,1990-1999,1st,Individual,VIC,AUS
A James,Kings/Queens,NQ,1960,1960-1969,1st,Individual,NQ,AUS
A James,Kings/Queens,QLD,1956,1950-1959,1st,Individual,QLD,AUS
A James,Kings/Queens,QLD,1958,1950-1959,1st,Individual,QLD,AUS
A James,Kings/Queens,QLD,1960,1960-1969,1st,Individual,QLD,AUS
A Keating,Kings/Queens,NSW,1880,1880-1889,1st,Individual,NSW,AUS
A Keating,Kings/Queens,NSW,1883,1880-1889,1st,Individual,NSW,AUS
A Keating,Kings/Queens,NSW,1887,1880-1889,1st,Individual,NSW,AUS
A Keating,Kings/Queens,NSW,1889,1880-1889,1st,Individual,NSW,AUS
A Keating,Kings/Queens,NSW,1896,1890-1899,1st,Individual,NSW,AUS
A Kidd,Kings/Queens,NQ,1948,1940-1949,1st,Individual,NQ,AUS
A Kidd,Kings/Queens,NQ,1950,1950-1959,1st,Individual,NQ,AUS
A Monsborough,Kings/Queens,VIC,1893,1890-1899,1st,Individual,VIC,AUS
A Moodie,Kings/Queens,VIC,1905,1900-1909,1st,Individual,VIC,AUS
A Nelson,Kings/Queens,NSW,1893,1890-1899,1st,Individual,NSW,AUS
A Obersby,Kings/Queens,SA,1973,1970-1979,1st,Individual,SA,AUS
A Perrin,Kings/Queens,VIC,1956,1950-1959,1st,Individual,VIC,AUS
A Powell,Kings/Queens,NQ,1977,1970-1979,1st,Individual,NQ,AUS
A Powell,Kings/Queens,NSW,1979,1970-1979,1st,Individual,NSW,AUS
A Powell,Kings/Queens,NT,2000,2000-2009,1st,Individual,NT,AUS
A Powell,Kings/Queens,SA,1979,1970-1979,1st,Individual,SA,AUS
A Powell,Kings/Queens,SA,1980,1980-1989,1st,Individual,SA,AUS
A Powell,Kings/Queens,SA,1988,1980-1989,1st,Individual,SA,AUS
A Powell,Kings/Queens,SA,1995,1990-1999,1st,Individual,SA,AUS
A Powell,Kings/Queens,TAS,1977,1970-1979,1st,Individual,TAS,AUS
A Powell,Kings/Queens,VIC,1993,1990-1999,1st,Individual,VIC,AUS
A Powell,Kings/Queens,WA,1987,1980-1989,1st,Individual,WA,AUS
A Powell,Kings/Queens,WA,1999,1990-1999,1st,Individual,WA,AUS
A Powell,Kings/Queens,WI,1980,1980-1989,1st,Individual,WI,AUS
A Schroeder,Kings/Queens,VIC,1950,1950-1959,1st,Individual,VIC,AUS
A Sharland,Kings/Queens,TAS,1898,1890-1899,1st,Individual,TAS,AUS
A Sharland,Kings/Queens,TAS,1899,1890-1899,1st,Individual,TAS,AUS
A Sharland,Kings/Queens,TAS,1900,1900-1909,1st,Individual,TAS,AUS
A Suraski,Kings/Queens,WA,1920,1920-1929,1st,Individual,WA,AUS
A Taylor,Kings/Queens,VIC,1887,1880-1889,1st,Individual,VIC,AUS
A Thynne,Kings/Queens,QLD,1882,1880-1889,1st,Individual,QLD,AUS
A Thynne,Kings/Queens,QLD,1884,1880-1889,1st,Individual,QLD,AUS
A Wright,Kings/Queens,NSW,1981,1980-1989,1st,Individual,NSW,AUS
AD Alaway,Kings/Queens,SA,1972,1970-1979,1st,Individual,SA,AUS
AL Hobbs,Kings/Queens,SA,1963,1960-1969,1st,Individual,SA,AUS
AL Hobbs,Kings/Queens,SA,1966,1960-1969,1st,Individual,SA,AUS
B Bellchambers,Kings/Queens,SA,2006,2000-2009,1st,Individual,SA,AUS
B Bowden,Kings/Queens,NSW,1983,1980-1989,1st,Individual,NSW,AUS
B Bowden,Kings/Queens,QLD,1982,1980-1989,1st,Individual,QLD,AUS
B Bowden,Kings/Queens,VIC,1994,1990-1999,1st,Individual,VIC,AUS
B Doohan,Kings/Queens,NSW,1976,1970-1979,1st,Individual,NSW,AUS
B Doohan,Kings/Queens,NSW,1977,1970-1979,1st,Individual,NSW,AUS
B Doohan,Kings/Queens,NSW,1985,1980-1989,1st,Individual,NSW,AUS
B Doohan,Kings/Queens,SA,1970,1970-1979,1st,Individual,SA,AUS
B Emms,Kings/Queens,NQ,2016,2010-2019,1st,Individual,NQ,AUS
B Emms,Kings/Queens,QLD,2017,2010-2019,1st,Individual,QLD,AUS
B Emms,Kings/Queens,NAT,2021,2020-2029,1st,Individual,NAT,AUS
B Emms,Kings/Queens,SA,2023,2020-2029,1st,Individual,SA,AUS
B Emms,Kings/Queens,ACT,2023,2020-2029,1st,Individual,ACT,AUS
B Johnston,Kings/Queens,TAS,1963,1960-1969,1st,Individual,TAS,AUS
B Johnston,Kings/Queens,TAS,1964,1960-1969,1st,Individual,TAS,AUS
B Johnston,Kings/Queens,TAS,1969,1960-1969,1st,Individual,TAS,AUS
B Litz,Kings/Queens,NAT,2010,2010-2019,1st,Individual,NAT,AUS
B Martin,Kings/Queens,NQ,1998,1990-1999,1st,Individual,NQ,AUS
B Martin,Kings/Queens,SA,1996,1990-1999,1st,Individual,SA,AUS
B Martin,Kings/Queens,TAS,1989,1980-1989,1st,Individual,TAS,AUS
B Martin,Kings/Queens,TAS,1993,1990-1999,1st,Individual,TAS,AUS
B Martin,Kings/Queens,TAS,1994,1990-1999,1st,Individual,TAS,AUS
B Martin,Kings/Queens,TAS,1995,1990-1999,1st,Individual,TAS,AUS
B McAllister,Kings/Queens,SA,1913,1910-1919,1st,Individual,SA,AUS
B Schlam,Kings/Queens,WA,1982,1980-1989,1st,Individual,WA,AUS
B Semmler,Kings/Queens,ACT,2013,2010-2019,1st,Individual,ACT,AUS
B Sheppard,Kings/Queens,WA,1979,1970-1979,1st,Individual,WA,AUS
B Sheppard,Kings/Queens,WA,1981,1980-1989,1st,Individual,WA,AUS
B Stubberfield,Kings/Queens,WA,1994,1990-1999,1st,Individual,WA,AUS
B Thompson,Kings/Queens,WA,2001,2000-2009,1st,Individual,WA,AUS
B Wood,Kings/Queens,VIC,1990,1990-1999,1st,Individual,VIC,AUS
B Wright,Kings/Queens,VIC,1972,1970-1979,1st,Individual,VIC,AUS
Bbdr Carter,Kings/Queens,SA,1898,1890-1899,1st,Individual,SA,AUS
C Armstrong,Kings/Queens,QLD,1927,1920-1929,1st,Individual,QLD,AUS
C Armstrong,Kings/Queens,QLD,1933,1930-1939,1st,Individual,QLD,AUS
C Armstrong,Kings/Queens,QLD,1938,1930-1939,1st,Individual,QLD,AUS
C Armstrong,Kings/Queens,SA,1936,1930-1939,1st,Individual,SA,AUS
C Armstrong,Kings/Queens,VIC,1937,1930-1939,1st,Individual,VIC,AUS
C Arrowsmith,Kings/Queens,NQ,2017,2010-2019,1st,Individual,NQ,AUS
C Arrowsmith,Kings/Queens,QLD,2019,2010-2019,1st,Individual,QLD,AUS
C Bell,Kings/Queens,TAS,1958,1950-1959,1st,Individual,TAS,AUS
C Campbell,Kings/Queens,NSW,1948,1940-1949,1st,Individual,NSW,AUS
C Cole,Kings/Queens,NAT,2004,2000-2009,1st,Individual,NAT,AUS
C Cole,Kings/Queens,NAT,2005,2000-2009,1st,Individual,NAT,AUS
C Cole,Kings/Queens,NAT,2007,2000-2009,1st,Individual,NAT,AUS
C Cole,Kings/Queens,QLD,2002,2000-2009,1st,Individual,QLD,AUS
C Cole,Kings/Queens,QLD,2006,2000-2009,1st,Individual,QLD,AUS
C Cole,Kings/Queens,QLD,2013,2010-2019,1st,Individual,QLD,AUS
C Collyer,Kings/Queens,WA,1958,1950-1959,1st,Individual,WA,AUS
C Condon,Kings/Queens,NQ,1982,1980-1989,1st,Individual,NQ,AUS
C Ellis,Kings/Queens,WA,1964,1960-1969,1st,Individual,WA,AUS
C Elsley,Kings/Queens,NSW,1924,1920-1929,1st,Individual,NSW,AUS
C Forrester,Kings/Queens,VIC,1938,1930-1939,1st,Individual,VIC,AUS
C Fryer,Kings/Queens,QLD,1886,1880-1889,1st,Individual,QLD,AUS
C Garven,Kings/Queens,NAT,2006,2000-2009,1st,Individual,NAT,AUS
C Gawned,Kings/Queens,WA,1937,1930-1939,1st,Individual,WA,AUS
C Green,Kings/Queens,QLD,1896,1890-1899,1st,Individual,QLD,AUS
C McClymont,Kings/Queens,NQ,1937,1930-1939,1st,Individual,NQ,AUS
C McClymont,Kings/Queens,NQ,1938,1930-1939,1st,Individual,NQ,AUS
C McClymont,Kings/Queens,NQ,1939,1930-1939,1st,Individual,NQ,AUS
C McColl,Kings/Queens,WA,1966,1960-1969,1st,Individual,WA,AUS
C Morris,Kings/Queens,NSW,1910,1910-1919,1st,Individual,NSW,AUS
C Moss,Kings/Queens,NQ,1962,1960-1969,1st,Individual,NQ,AUS
C Moss,Kings/Queens,QLD,1962,1960-1969,1st,Individual,QLD,AUS
C Munroe,Kings/Queens,NQ,1924,1920-1929,1st,Individual,NQ,AUS
C Prott,Kings/Queens,TAS,1894,1890-1899,1st,Individual,TAS,AUS
C Prott,Kings/Queens,VIC,1899,1890-1899,1st,Individual,VIC,AUS
C Rodman,Kings/Queens,TAS,1928,1920-1929,1st,Individual,TAS,AUS
C Thiedeke,Kings/Queens,QLD,1978,1970-1979,1st,Individual,QLD,AUS
C Thiedeke,Kings/Queens,SA,1984,1980-1989,1st,Individual,SA,AUS
C Umphelby,Kings/Queens,VIC,1894,1890-1899,1st,Individual,VIC,AUS
C Upton,Kings/Queens,TAS,1929,1920-1929,1st,Individual,TAS,AUS
C Walldrodt,Kings/Queens,WA,1984,1980-1989,1st,Individual,WA,AUS
C Williams,Kings/Queens,NSW,1919,1910-1919,1st,Individual,NSW,AUS
C Williams,Kings/Queens,NSW,1921,1920-1929,1st,Individual,NSW,AUS
C Williams,Kings/Queens,TAS,1911,1910-1919,1st,Individual,TAS,AUS
C Wright,Kings/Queens,NSW,1991,1990-1999,1st,Individual,NSW,AUS
Capt Linsley,Kings/Queens,NSW,1882,1880-1889,1st,Individual,NSW,AUS
Cir Sgt Seaman,Kings/Queens,SA,1893,1890-1899,1st,Individual,SA,AUS
Cpl Bradley,Kings/Queens,SA,1897,1890-1899,1st,Individual,SA,AUS
Cpl Fraser,Kings/Queens,NSW,1885,1880-1889,1st,Individual,NSW,AUS
Cpl Lindeloff,Kings/Queens,SA,1886,1880-1889,1st,Individual,SA,AUS
Cpl Staveley,Kings/Queens,TAS,1892,1890-1899,1st,Individual,TAS,AUS
Creeth,Kings/Queens,QLD,1885,1880-1889,1st,Individual,QLD,AUS
D Arnold,Kings/Queens,VIC,1975,1970-1979,1st,Individual,VIC,AUS
D Bottle,Kings/Queens,TAS,1967,1960-1969,1st,Individual,TAS,AUS
D Black,Kings/Queens,NZ,2020,2020-2019,1st,Individual,NZ,AUS
D Brewster,Kings/Queens,VIC,2013,2010-2019,1st,Individual,VIC,AUS
D Brinin,Kings/Queens,NSW,1999,1990-1999,1st,Individual,NSW,AUS
D Cadden,Kings/Queens,QLD,1970,1970-1979,1st,Individual,QLD,AUS
D Cadden,Kings/Queens,VIC,1954,1950-1959,1st,Individual,VIC,AUS
D Campbell,Kings/Queens,NT,1988,1980-1989,1st,Individual,NT,AUS
D Campbell,Kings/Queens,VIC,1989,1980-1989,1st,Individual,VIC,AUS
D Campbell,Kings/Queens,WA,1989,1980-1989,1st,Individual,WA,AUS
D Campbell,Kings/Queens,WA,1991,1990-1999,1st,Individual,WA,AUS
D Condon,Kings/Queens,QLD,1907,1900-1909,1st,Individual,QLD,AUS
D Davies,Kings/Queens,SA,1930,1930-1939,1st,Individual,SA,AUS
DR Davies,Kings/Queens,VIC,2018,2010-2019,1st,Individual,VIC,AUS
DR Davies,Kings/Queens,VIC,2022,2020-2029,1st,Individual,VIC,AUS
DR Davies,Kings/Queens,VIC,2024,2020-2029,1st,Individual,VIC,AUS
D Denman,Kings/Queens,NQ,1990,1990-1999,1st,Individual,NQ,AUS
D Felton,Kings/Queens,WA,2003,2000-2009,1st,Individual,WA,AUS
D Felton,Kings/Queens,WA,2007,2000-2009,1st,Individual,WA,AUS
D Flynn,Kings/Queens,NQ,2004,2000-2009,1st,Individual,NQ,AUS
D Gibbs,Kings/Queens,NSW,1965,1960-1969,1st,Individual,NSW,AUS
D Gibbs,Kings/Queens,WA,1962,1960-1969,1st,Individual,WA,AUS
D Hancock,Kings/Queens,SA,1934,1930-1939,1st,Individual,SA,AUS
D Heald,Kings/Queens,NSW,1992,1990-1999,1st,Individual,NSW,AUS
D Hirth,Kings/Queens,VIC,1965,1960-1969,1st,Individual,VIC,AUS
D Hirth,Kings/Queens,VIC,1978,1970-1979,1st,Individual,VIC,AUS
D Jones,Kings/Queens,WA,1913,1910-1919,1st,Individual,WA,AUS
D Macdonald,Kings/Queens,QLD,1932,1930-1939,1st,Individual,QLD,AUS
D Macdonald,Kings/Queens,WA,1924,1920-1929,1st,Individual,WA,AUS
D Marsden,Kings/Queens,WA,1978,1970-1979,1st,Individual,WA,AUS
D Marsden,Kings/Queens,WA,1980,1980-1989,1st,Individual,WA,AUS
D Martin,Kings/Queens,WA,2012,2010-2019,1st,Individual,WA,AUS
D Matthews,Kings/Queens,NAT,1992,1990-1999,1st,Individual,NAT,AUS
D McAlister,Kings/Queens,NSW,1913,1910-1919,1st,Individual,NSW,AUS
D McKenzie,Kings/Queens,VIC,1957,1950-1959,1st,Individual,VIC,AUS
D Negus,Kings/Queens,ACT,2019,2010-2019,1st,Individual,ACT,AUS
D Negus,Kings/Queens,VIC,2023,2020-2029,1st,Individual,VIC,AUS
D Rich,Kings/Queens,NZ,2009,2000-2009,1st,Individual,NZ,NZ
D Shepherd,Kings/Queens,NSW,1957,1950-1959,1st,Individual,NSW,AUS
D Shepherd,Kings/Queens,VIC,1948,1940-1949,1st,Individual,VIC,AUS
D Watson,Kings/Queens,NSW,1961,1960-1969,1st,Individual,NSW,AUS
D Williams,Kings/Queens,NQ,1961,1960-1969,1st,Individual,NQ,AUS
D Williams,Kings/Queens,NSW,1956,1950-1959,1st,Individual,NSW,AUS
D Williams,Kings/Queens,QLD,1961,1960-1969,1st,Individual,QLD,AUS
E Dean,Kings/Queens,TAS,1936,1930-1939,1st,Individual,TAS,AUS
E Dean,Kings/Queens,TAS,1948,1940-1949,1st,Individual,TAS,AUS
E Dean,Kings/Queens,TAS,1950,1950-1959,1st,Individual,TAS,AUS
E Gare,Kings/Queens,SA,1926,1920-1929,1st,Individual,SA,AUS
E Gare,Kings/Queens,WA,1926,1920-1929,1st,Individual,WA,AUS
E Gare,Kings/Queens,WA,1933,1930-1939,1st,Individual,WA,AUS
E Goucher,Kings/Queens,TAS,1922,1920-1929,1st,Individual,TAS,AUS
E Goucher,Kings/Queens,TAS,1923,1920-1929,1st,Individual,TAS,AUS
E Harvey,Kings/Queens,TAS,1961,1960-1969,1st,Individual,TAS,AUS
E Jones,Kings/Queens,TAS,1921,1920-1929,1st,Individual,TAS,AUS
E Keay,Kings/Queens,WA,1931,1930-1939,1st,Individual,WA,AUS
E Latham,Kings/Queens,TAS,1927,1920-1929,1st,Individual,TAS,AUS
E Marsson,Kings/Queens,SA,1885,1880-1889,1st,Individual,SA,AUS
E Marsson,Kings/Queens,SA,1894,1890-1899,1st,Individual,SA,AUS
E Saker,Kings/Queens,VIC,1895,1890-1899,1st,Individual,VIC,AUS
E Saker,Kings/Queens,VIC,1897,1890-1899,1st,Individual,VIC,AUS
E Thompson,Kings/Queens,NAT,1994,1990-1999,1st,Individual,NAT,AUS
E Thompson,Kings/Queens,NQ,1995,1990-1999,1st,Individual,NQ,AUS
E Thompson,Kings/Queens,SA,1974,1970-1979,1st,Individual,SA,AUS
E Thompson,Kings/Queens,SA,1985,1980-1989,1st,Individual,SA,AUS
E Thompson,Kings/Queens,SA,1994,1990-1999,1st,Individual,SA,AUS
E Thompson,Kings/Queens,SA,2002,2000-2009,1st,Individual,SA,AUS
E Thompson,Kings/Queens,TAS,1955,1950-1959,1st,Individual,TAS,AUS
E Thompson,Kings/Queens,TAS,1962,1960-1969,1st,Individual,TAS,AUS
E Thompson,Kings/Queens,TAS,1971,1970-1979,1st,Individual,TAS,AUS
E Thompson,Kings/Queens,WA,1998,1990-1999,1st,Individual,WA,AUS
E Townson,Kings/Queens,NQ,1970,1970-1979,1st,Individual,NQ,AUS
E Virgin,Kings/Queens,QLD,1931,1930-1939,1st,Individual,QLD,AUS
E Walter,Kings/Queens,VIC,1896,1890-1899,1st,Individual,VIC,AUS
EE Koster,Kings/Queens,SA,1948,1940-1949,1st,Individual,SA,AUS
F Agate,Kings/Queens,NSW,1934,1930-1939,1st,Individual,NSW,AUS
F Arvier,Kings/Queens,QLD,1923,1920-1929,1st,Individual,QLD,AUS
F Baldwin,Kings/Queens,NT,2006,2000-2009,1st,Individual,NT,AUS
F Bode,Kings/Queens,NQ,1929,1920-1929,1st,Individual,NQ,AUS
F Christian,Kings/Queens,VIC,1910,1910-1919,1st,Individual,VIC,AUS
F Currie,Kings/Queens,NQ,1914,1910-1919,1st,Individual,NQ,AUS
F Duncan,Kings/Queens,NSW,1962,1960-1969,1st,Individual,NSW,AUS
F Duncan,Kings/Queens,NSW,1967,1960-1969,1st,Individual,NSW,AUS
F Harrison,Kings/Queens,NSW,1928,1920-1929,1st,Individual,NSW,AUS
F Logan,Kings/Queens,VIC,1889,1880-1889,1st,Individual,VIC,AUS
F Konieczny,Kings/Queens,SA,2022,2020-2019,1st,Individual,SA,AUS
F Nelson,Kings/Queens,NSW,1929,1920-1929,1st,Individual,NSW,AUS
F Smith,Kings/Queens,NSW,1922,1920-1929,1st,Individual,NSW,AUS
F Zemek,Kings/Queens,NQ,1935,1930-1939,1st,Individual,NQ,AUS
F.O Pinyon,Kings/Queens,SA,1993,1990-1999,1st,Individual,SA,AUS
F.O Pinyon,Kings/Queens,SA,2007,2000-2009,1st,Individual,SA,AUS
F.O Pinyon,Kings/Queens,SA,2010,2010-2019,1st,Individual,SA,AUS
F.O Pinyon,Kings/Queens,SA,2015,2010-2019,1st,Individual,SA,AUS
G Abel,Kings/Queens,NQ,1956,1950-1959,1st,Individual,NQ,AUS
G Ayling,Kings/Queens,BAR,1980,1980-1989,1st,Individual,BAR,WI
G Ayling,Kings/Queens,BISLEY,1981,1980-1989,1st,Individual,BISLEY,UK
G Ayling,Kings/Queens,KEN,1990,1990-1999,1st,Individual,KEN,KEN
G Ayling,Kings/Queens,NAT,1978,1970-1979,1st,Individual,NAT,AUS
G Ayling,Kings/Queens,NQ,1978,1970-1979,1st,Individual,NQ,AUS
G Ayling,Kings/Queens,NT,1990,1990-1999,1st,Individual,NT,AUS
G Ayling,Kings/Queens,QLD,1981,1980-1989,1st,Individual,QLD,AUS
G Ayling,Kings/Queens,TAS,1974,1970-1979,1st,Individual,TAS,AUS
G Ayling,Kings/Queens,TAS,1976,1970-1979,1st,Individual,TAS,AUS
G Ayling,Kings/Queens,TAS,1978,1970-1979,1st,Individual,TAS,AUS
G Ayling,Kings/Queens,TAS,1979,1970-1979,1st,Individual,TAS,AUS
G Ayling,Kings/Queens,TAS,1981,1980-1989,1st,Individual,TAS,AUS
G Ayling,Kings/Queens,TAS,1992,1990-1999,1st,Individual,TAS,AUS
G Ayling,Kings/Queens,VIC,1983,1980-1989,1st,Individual,VIC,AUS
G Ayling,Kings/Queens,VIC,1988,1980-1989,1st,Individual,VIC,AUS
G Ayling,Kings/Queens,WA,1988,1980-1989,1st,Individual,WA,AUS
G Berman,Kings/Queens,NQ,1992,1990-1999,1st,Individual,NQ,AUS
G Berman,Kings/Queens,NZ,1991,1990-1999,1st,Individual,NZ,NZ
G Berman,Kings/Queens,SA,1992,1990-1999,1st,Individual,SA,AUS
G Berman,Kings/Queens,SA,1999,1990-1999,1st,Individual,SA,AUS
G Berman,Kings/Queens,VIC,1971,1970-1979,1st,Individual,VIC,AUS
G Berman,Kings/Queens,VIC,1976,1970-1979,1st,Individual,VIC,AUS
G Bradley,Kings/Queens,QLD,1893,1890-1899,1st,Individual,QLD,AUS
G Bradley,Kings/Queens,QLD,1894,1890-1899,1st,Individual,QLD,AUS
G Bradley,Kings/Queens,QLD,1898,1890-1899,1st,Individual,QLD,AUS
G Bradley,Kings/Queens,QLD,1904,1900-1909,1st,Individual,QLD,AUS
G Bradley,Kings/Queens,QLD,1905,1900-1909,1st,Individual,QLD,AUS
G Carlsen,Kings/Queens,WA,2010,2010-2019,1st,Individual,WA,AUS
G Cavanagh,Kings/Queens,SA,1990,1990-1999,1st,Individual,SA,AUS
G Chisolm,Kings/Queens,TAS,1935,1930-1939,1st,Individual,TAS,AUS
G Craigie,Kings/Queens,WA,2015,2010-2019,1st,Individual,WA,AUS
G Crowe,Kings/Queens,NAT,1987,1980-1989,1st,Individual,NAT,AUS
G Crowe,Kings/Queens,SA,1998,1990-1999,1st,Individual,SA,AUS
G Fisher,Kings/Queens,QLD,1910,1910-1919,1st,Individual,QLD,AUS
G French,Kings/Queens,QLD,1906,1900-1909,1st,Individual,QLD,AUS
G Godkin,Kings/Queens,VIC,1920,1920-1929,1st,Individual,VIC,AUS
G Grenfell,Kings/Queens,NAT,2013,2010-2019,1st,Individual,NAT,AUS
G Grenfell,Kings/Queens,NAT,2014,2010-2019,1st,Individual,NAT,AUS
G Grenfell,Kings/Queens,NAT,2015,2010-2019,1st,Individual,NAT,AUS
G Grenfell,Kings/Queens,NAT,2017,2010-2019,1st,Individual,NAT,AUS
G Grenfell,Kings/Queens,QLD,2004,2000-2009,1st,Individual,QLD,AUS
G Grenfell,Kings/Queens,SA,2008,2000-2009,1st,Individual,SA,AUS
G Grenfell,Kings/Queens,SA,2013,2010-2019,1st,Individual,SA,AUS
G Grenfell,Kings/Queens,TAS,1997,1990-1999,1st,Individual,TAS,AUS
G Grenfell,Kings/Queens,VIC,1991,1990-1999,1st,Individual,VIC,AUS
G Grenfell,Kings/Queens,VIC,1997,1990-1999,1st,Individual,VIC,AUS
G Grenfell,Kings/Queens,VIC,2002,2000-2009,1st,Individual,VIC,AUS
G Grenfell,Kings/Queens,VIC,2006,2000-2009,1st,Individual,VIC,AUS
G Grenfell,Kings/Queens,VIC,2015,2010-2019,1st,Individual,VIC,AUS
G Grenfell,Kings/Queens,VIC,2016,2010-2019,1st,Individual,VIC,AUS
G Grummitt,Kings/Queens,QLD,1948,1940-1949,1st,Individual,QLD,AUS
G Hahn,Kings/Queens,NQ,1981,1980-1989,1st,Individual,NQ,AUS
G Hahn,Kings/Queens,NSW,1971,1970-1979,1st,Individual,NSW,AUS
G Hahn,Kings/Queens,NSW,1978,1970-1979,1st,Individual,NSW,AUS
G Hahn,Kings/Queens,TAS,1982,1980-1989,1st,Individual,TAS,AUS
G Hahn,Kings/Queens,VIC,1970,1970-1979,1st,Individual,VIC,AUS
G Harrison,Kings/Queens,SA,1982,1980-1989,1st,Individual,SA,AUS
G Howitt,Kings/Queens,SA,1902,1900-1909,1st,Individual,SA,AUS
G Hunter,Kings/Queens,WA,1993,1990-1999,1st,Individual,WA,AUS
G Iszlaub,Kings/Queens,NQ,1994,1990-1999,1st,Individual,NQ,AUS
G Kerr,Kings/Queens,NQ,1983,1980-1989,1st,Individual,NQ,AUS
G Kerr,Kings/Queens,NQ,1985,1980-1989,1st,Individual,NQ,AUS
G Kerr,Kings/Queens,NQ,1986,1980-1989,1st,Individual,NQ,AUS
G Kerr,Kings/Queens,NSW,1986,1980-1989,1st,Individual,NSW,AUS
G Kerr,Kings/Queens,QLD,1977,1970-1979,1st,Individual,QLD,AUS
G Kerr,Kings/Queens,QLD,1985,1980-1989,1st,Individual,QLD,AUS
G Kerr,Kings/Queens,SA,1975,1970-1979,1st,Individual,SA,AUS
G Kerr,Kings/Queens,WA,1985,1980-1989,1st,Individual,WA,AUS
G Letts,Kings/Queens,VIC,1949,1940-1949,1st,Individual,VIC,AUS
G Lindsay,Kings/Queens,NSW,1897,1890-1899,1st,Individual,NSW,AUS
G Male,Kings/Queens,QLD,1971,1970-1979,1st,Individual,QLD,AUS
G Mann,Kings/Queens,WA,1996,1990-1999,1st,Individual,WA,AUS
G Mayhew,Kings/Queens,VIC,1929,1920-1929,1st,Individual,VIC,AUS
G Natt,Kings/Queens,VIC,1962,1960-1969,1st,Individual,VIC,AUS
G Nutt,Kings/Queens,SA,1937,1930-1939,1st,Individual,SA,AUS
G Okeeffe,Kings/Queens,NSW,1970,1970-1979,1st,Individual,NSW,AUS
G Perrin,Kings/Queens,NQ,1955,1950-1959,1st,Individual,NQ,AUS
G Perrin,Kings/Queens,NQ,1957,1950-1959,1st,Individual,NQ,AUS
G Perrin,Kings/Queens,NQ,1959,1950-1959,1st,Individual,NQ,AUS
G Robertson,Kings/Queens,QLD,2011,2010-2019,1st,Individual,QLD,AUS
G Robertson,Kings/Queens,WA,2000,2000-2009,1st,Individual,WA,AUS
G Robertson,Kings/Queens,WA,2005,2000-2009,1st,Individual,WA,AUS
G Shaw,Kings/Queens,QLD,1899,1890-1899,1st,Individual,QLD,AUS
G Shaw,Kings/Queens,QLD,1900,1900-1909,1st,Individual,QLD,AUS
G Waddle,Kings/Queens,ACT,2012,2010-2019,1st,Individual,ACT,AUS
G Zillman,Kings/Queens,NQ,1927,1920-1929,1st,Individual,NQ,AUS
G Zillman,Kings/Queens,QLD,1928,1920-1929,1st,Individual,QLD,AUS
George,Kings/Queens,QLD,1887,1880-1889,1st,Individual,QLD,AUS
H Bain,Kings/Queens,SA,1931,1930-1939,1st,Individual,SA,AUS
H Battishall,Kings/Queens,QLD,1924,1920-1929,1st,Individual,QLD,AUS
H Elliott,Kings/Queens,QLD,1892,1890-1899,1st,Individual,QLD,AUS
H George,Kings/Queens,NQ,1932,1930-1939,1st,Individual,NQ,AUS
H Goy,Kings/Queens,TAS,1912,1910-1919,1st,Individual,TAS,AUS
H Griffiths,Kings/Queens,BAR,2006,2000-2009,1st,Individual,BAR,WI
H Griffiths,Kings/Queens,NQ,1997,1990-1999,1st,Individual,NQ,AUS
H Griffiths,Kings/Queens,NQ,1999,1990-1999,1st,Individual,NQ,AUS
H Griffiths,Kings/Queens,NQ,2007,2000-2009,1st,Individual,NQ,AUS
H Griffiths,Kings/Queens,NQ,2011,2010-2019,1st,Individual,NQ,AUS
H Griffiths,Kings/Queens,NSW,1997,1990-1999,1st,Individual,NSW,AUS
H Griffiths,Kings/Queens,QLD,1979,1970-1979,1st,Individual,QLD,AUS
H Griffiths,Kings/Queens,QLD,2014,2010-2019,1st,Individual,QLD,AUS
H Grimsay,Kings/Queens,TAS,1951,1950-1959,1st,Individual,TAS,AUS
H James,Kings/Queens,NSW,1951,1950-1959,1st,Individual,NSW,AUS
H James,Kings/Queens,VIC,1939,1930-1939,1st,Individual,VIC,AUS
H Johnson,Kings/Queens,VIC,1934,1930-1939,1st,Individual,VIC,AUS
H Jones,Kings/Queens,NSW,1925,1920-1929,1st,Individual,NSW,AUS
H Kershaw,Kings/Queens,VIC,1926,1920-1929,1st,Individual,VIC,AUS
H Knight,Kings/Queens,SA,1910,1910-1919,1st,Individual,SA,AUS
H Mason,Kings/Queens,QLD,1925,1920-1929,1st,Individual,QLD,AUS
H McElwee,Kings/Queens,TAS,1937,1930-1939,1st,Individual,TAS,AUS
H Motton,Kings/Queens,NQ,1912,1910-1919,1st,Individual,NQ,AUS
H Motton,Kings/Queens,NSW,1905,1900-1909,1st,Individual,NSW,AUS
H Motton,Kings/Queens,NSW,1911,1910-1919,1st,Individual,NSW,AUS
H Pascoe,Kings/Queens,SA,1911,1910-1919,1st,Individual,SA,AUS
H Pinkerton,Kings/Queens,QLD,1934,1930-1939,1st,Individual,QLD,AUS
H Quinn,Kings/Queens,VIC,1901,1900-1909,1st,Individual,VIC,AUS
H Reed,Kings/Queens,QLD,1890,1890-1899,1st,Individual,QLD,AUS
H Ryder,Kings/Queens,NQ,1954,1950-1959,1st,Individual,NQ,AUS
H Spencer,Kings/Queens,NSW,1895,1890-1899,1st,Individual,NSW,AUS
H Standring,Kings/Queens,WA,1972,1970-1979,1st,Individual,WA,AUS
H Vague,Kings/Queens,WA,1938,1930-1939,1st,Individual,WA,AUS
H Vreekamp,Kings/Queens,SA,1989,1980-1989,1st,Individual,SA,AUS
HM Natt,Kings/Queens,SA,1925,1920-1929,1st,Individual,SA,AUS
HM Natt,Kings/Queens,SA,1928,1920-1929,1st,Individual,SA,AUS
HM Natt,Kings/Queens,SA,1932,1930-1939,1st,Individual,SA,AUS
HM Natt,Kings/Queens,SA,1951,1950-1959,1st,Individual,SA,AUS
HM Natt,Kings/Queens,VIC,1925,1920-1929,1st,Individual,VIC,AUS
HR Rutter,Kings/Queens,SA,1908,1900-1909,1st,Individual,SA,AUS
HR Steinhardt,Kings/Queens,SA,1906,1900-1909,1st,Individual,SA,AUS
I Cameron,Kings/Queens,QLD,1993,1990-1999,1st,Individual,QLD,AUS
I Griffiths,Kings/Queens,NSW,1984,1980-1989,1st,Individual,NSW,AUS
I Noll,Kings/Queens,SA,2018,2010-2019,1st,Individual,NSW,AUS
J Alexander,Kings/Queens,QLD,1987,1980-1989,1st,Individual,QLD,AUS
J Alley,Kings/Queens,VIC,1967,1960-1969,1st,Individual,VIC,AUS
J Ashton,Kings/Queens,VIC,1998,1990-1999,1st,Individual,VIC,AUS
J Bailey,Kings/Queens,ACT,2011,2010-2019,1st,Individual,ACT,AUS
J Bailey,Kings/Queens,ACT,2016,2010-2019,1st,Individual,ACT,AUS
J Bailey,Kings/Queens,ACT,2017,2010-2019,1st,Individual,ACT,AUS
J Bailey,Kings/Queens,NQ,2013,2010-2019,1st,Individual,NQ,AUS
J Bailey,Kings/Queens,NQ,2014,2010-2019,1st,Individual,NQ,AUS
J Bailey,Kings/Queens,NQ,2015,2010-2019,1st,Individual,NQ,AUS
J Bailey,Kings/Queens,NSW,2001,2000-2009,1st,Individual,NSW,AUS
J Bailey,Kings/Queens,NSW,2009,2000-2009,1st,Individual,NSW,AUS
J Bailey,Kings/Queens,NSW,2013,2010-2019,1st,Individual,NSW,AUS
J Bailey,Kings/Queens,NSW,2015,2010-2019,1st,Individual,NSW,AUS
J Bailey,Kings/Queens,NZ,2017,2010-2019,1st,Individual,NZ,NZ
J Bailey,Kings/Queens,VIC,2011,2010-2019,1st,Individual,VIC,AUS
J Bailey,Kings/Queens,NSW,2018,2010-2019,1st,Individual,NSW,AUS
J Bailey,Kings/Queens,NZ,2019,2010-2019,1st,Individual,NZ,NZ
J Bailey,Kings/Queens,NSW,2020,2020-2029,1st,Individual,NSW,AUS
J Bailey,Kings/Queens,NSW,2022,2020-2029,1st,Individual,NSW,AUS
J Bailey,Kings/Queens,NT,2024,2020-2029,1st,Individual,NSW,AUS
J Bartlett,Kings/Queens,TAS,1966,1960-1969,1st,Individual,TAS,AUS
J Baxter,Kings/Queens,NT,2004,2000-2009,1st,Individual,NT,AUS
J Baxter,Kings/Queens,NT,2012,2010-2019,1st,Individual,NT,AUS
J Baxter,Kings/Queens,NT,2016,2010-2019,1st,Individual,NT,AUS
J Blomfield,Kings/Queens,TAS,2006,2000-2009,1st,Individual,TAS,AUS
J Brooker,Kings/Queens,NSW,1990,1990-1999,1st,Individual,NSW,AUS
J Brooker,Kings/Queens,PNG,1972,1970-1979,1st,Individual,PNG,PNG
J Brooker,Kings/Queens,VIC,1982,1980-1989,1st,Individual,VIC,AUS
J Cadden,Kings/Queens,QLD,1920,1920-1929,1st,Individual,QLD,AUS
J Cadden,Kings/Queens,QLD,1922,1920-1929,1st,Individual,QLD,AUS
J Carman,Kings/Queens,NQ,1966,1960-1969,1st,Individual,NQ,AUS
J Carman,Kings/Queens,NSW,1966,1960-1969,1st,Individual,NSW,AUS
J Carman,Kings/Queens,QLD,1966,1960-1969,1st,Individual,QLD,AUS
J Caspers,Kings/Queens,NZ,1966,1960-1969,1st,Individual,NZ,NZ
J Castres,Kings/Queens,NQ,1921,1920-1929,1st,Individual,NQ,AUS
J Castres,Kings/Queens,NQ,1928,1920-1929,1st,Individual,NQ,AUS
J Castres,Kings/Queens,NQ,1930,1930-1939,1st,Individual,NQ,AUS
J Christopherson,Kings/Queens,VIC,1885,1880-1889,1st,Individual,VIC,AUS
J Clancy,Kings/Queens,QLD,1926,1920-1929,1st,Individual,QLD,AUS
J Cooper,Kings/Queens,NZ,1972,1970-1979,1st,Individual,NZ,NZ
J Corbett,Kings/Queens,ACT,2004,2000-2009,1st,Individual,ACT,AUS
J Corbett,Kings/Queens,ACT,2007,2000-2009,1st,Individual,ACT,AUS
J Corbett,Kings/Queens,BISLEY,2013,2010-2019,1st,Individual,BISLEY,UK
J Corbett,Kings/Queens,NAT,1985,1980-1989,1st,Individual,NAT,AUS
J Corbett,Kings/Queens,NAT,1999,1990-1999,1st,Individual,NAT,AUS
J Corbett,Kings/Queens,NAT,2001,2000-2009,1st,Individual,NAT,AUS
J Corbett,Kings/Queens,NAT,2009,2000-2009,1st,Individual,NAT,AUS
J Corbett,Kings/Queens,NAT,2012,2010-2019,1st,Individual,NAT,AUS
J Corbett,Kings/Queens,NAT,2016,2010-2019,1st,Individual,NAT,AUS
J Corbett,Kings/Queens,NAT,2018,2010-2019,1st,Individual,NAT,AUS
J Corbett,Kings/Queens,NQ,2006,2000-2009,1st,Individual,NQ,AUS
J Corbett,Kings/Queens,NQ,2010,2010-2019,1st,Individual,NQ,AUS
J Corbett,Kings/Queens,NQ,2023,2020-2029,1st,Individual,NQ,AUS
J Corbett,Kings/Queens,NSW,2004,2000-2009,1st,Individual,NSW,AUS
J Corbett,Kings/Queens,NSW,2008,2000-2009,1st,Individual,NSW,AUS
J Corbett,Kings/Queens,NSW,2016,2010-2019,1st,Individual,NSW,AUS
J Corbett,Kings/Queens,NT,1998,1990-1999,1st,Individual,NT,AUS
J Corbett,Kings/Queens,QLD,2005,2000-2009,1st,Individual,QLD,AUS
J Corbett,Kings/Queens,QLD,2010,2010-2019,1st,Individual,QLD,AUS
J Corbett,Kings/Queens,QLD,2016,2010-2019,1st,Individual,QLD,AUS
J Corbett,Kings/Queens,SA,2005,2000-2009,1st,Individual,SA,AUS
J Corbett,Kings/Queens,SA,2012,2010-2019,1st,Individual,SA,AUS
J Corbett,Kings/Queens,TAS,2000,2000-2009,1st,Individual,TAS,AUS
J Corbett,Kings/Queens,TAS,2008,2000-2009,1st,Individual,TAS,AUS
J Corbett,Kings/Queens,TAS,2009,2000-2009,1st,Individual,TAS,AUS
J Corbett,Kings/Queens,TAS,2010,2010-2019,1st,Individual,TAS,AUS
J Corbett,Kings/Queens,TAS,2011,2010-2019,1st,Individual,TAS,AUS
J Corbett,Kings/Queens,VIC,2003,2000-2009,1st,Individual,VIC,AUS
J Corbett,Kings/Queens,VIC,2005,2000-2009,1st,Individual,VIC,AUS
J Corbett,Kings/Queens,VIC,2012,2010-2019,1st,Individual,VIC,AUS
J Corbett,Kings/Queens,VIC,2017,2010-2019,1st,Individual,VIC,AUS
J Corbett,Kings/Queens,WA,2004,2000-2009,1st,Individual,WA,AUS
J Corbett,Kings/Queens,WA,2008,2000-2009,1st,Individual,WA,AUS
J Corbett,Kings/Queens,WA,2009,2000-2009,1st,Individual,WA,AUS
J Corbett,Kings/Queens,WA,2016,2010-2019,1st,Individual,WA,AUS
J Corbett,Kings/Queens,WA,2017,2010-2019,1st,Individual,WA,AUS
J Corbett,Kings/Queens,WA,2018,2010-2019,1st,Individual,WA,AUS
J Corbett,Kings/Queens,VIC,2019,2010-2019,1st,Individual,VIC,AUS
J Corbett,Kings/Queens,WA,2019,2010-2019,1st,Individual,WA,AUS
J Corbett,Kings/Queens,WA,2022,2020-2029,1st,Individual,WA,AUS
J Corbett,Kings/Queens,QLD,2023,2020-2029,1st,Individual,QLD,AUS
J Corbett,Kings/Queens,WA,2023,2020-2029,1st,Individual,WA,AUS
J Corbett,Kings/Queens,NAT,2023,2020-2029,1st,Individual,NAT,AUS
J Davies,Kings/Queens,VIC,1999,1990-1999,1st,Individual,VIC,AUS
J Dodds,Kings/Queens,NQ,1971,1970-1979,1st,Individual,NQ,AUS
J Dodson,Kings/Queens,NSW,1988,1980-1989,1st,Individual,NSW,AUS
J Draper,Kings/Queens,NSW,1898,1890-1899,1st,Individual,NSW,AUS
J Drever,Kings/Queens,NQ,1958,1950-1959,1st,Individual,NQ,AUS
J E Moore,Kings/Queens,WA,1968,1960-1969,1st,Individual,WA,AUS
J Eales,Kings/Queens,VIC,1890,1890-1899,1st,Individual,VIC,AUS
J Enderlin,Kings/Queens,VIC,1964,1960-1969,1st,Individual,VIC,AUS
J Face,Kings/Queens,NSW,1920,1920-1929,1st,Individual,NSW,AUS
J Faroe,Kings/Queens,SA,1949,1940-1949,1st,Individual,SA,AUS
J Feltham,Kings/Queens,NSW,1933,1930-1939,1st,Individual,NSW,AUS
J Feltham,Kings/Queens,NSW,1954,1950-1959,1st,Individual,NSW,AUS
J Feltham,Kings/Queens,QLD,1949,1940-1949,1st,Individual,QLD,AUS
J Gatty,Kings/Queens,QLD,1901,1900-1909,1st,Individual,QLD,AUS
J Gatty,Kings/Queens,TAS,1895,1890-1899,1st,Individual,TAS,AUS
J Hanby,Kings/Queens,VIC,1881,1880-1889,1st,Individual,VIC,AUS
J Hawker,Kings/Queens,NSW,1892,1890-1899,1st,Individual,NSW,AUS
J Hawkins,Kings/Queens,TAS,2012,2010-2019,1st,Individual,TAS,AUS
J Hudson,Kings/Queens,VIC,1906,1900-1909,1st,Individual,VIC,AUS
J Jacobs,Kings/Queens,QLD,1988,1980-1989,1st,Individual,QLD,AUS
J Jeffery,Kings/Queens,NSW,2006,2000-2009,1st,Individual,NSW,AUS
J Jeffery,Kings/Queens,NSW,2011,2010-2019,1st,Individual,NSW,AUS
J Jeffery,Kings/Queens,NT,2014,2010-2019,1st,Individual,NT,AUS
J Jeffery,Kings/Queens,QLD,2012,2010-2019,1st,Individual,QLD,AUS
J Jeffery,Kings/Queens,NSW,2019,2010-2019,1st,Individual,NSW,AUS
J Jeffery,Kings/Queens,VIC,2021,2020-2029,1st,Individual,VIC,AUS
J Johnston,Kings/Queens,VIC,1986,1980-1989,1st,Individual,VIC,AUS
J Johnstone,Kings/Queens,NQ,1984,1980-1989,1st,Individual,NQ,AUS
J Killian,Kings/Queens,NSW,1974,1970-1979,1st,Individual,NSW,AUS
J Kirkwood,Kings/Queens,NSW,1960,1960-1969,1st,Individual,NSW,AUS
J Kirkwood,Kings/Queens,SA,1969,1960-1969,1st,Individual,SA,AUS
J Kirkwood,Kings/Queens,VIC,1963,1960-1969,1st,Individual,VIC,AUS
J Kuchel,Kings/Queens,NQ,2018,2010-2019,1st,Individual,NQ,AUS
J Kuchel,Kings/Queens,NQ,2019,2010-2019,1st,Individual,NQ,AUS
J Lake,Kings/Queens,NSW,1901,1900-1909,1st,Individual,NSW,AUS
J Lake,Kings/Queens,NSW,1902,1900-1909,1st,Individual,NSW,AUS
J Long,Kings/Queens,NQ,1972,1970-1979,1st,Individual,NQ,AUS
J McDermott,Kings/Queens,SA,1976,1970-1979,1st,Individual,SA,AUS
J McElwee,Kings/Queens,TAS,1910,1910-1919,1st,Individual,TAS,AUS
J McNamara,Kings/Queens,TAS,1913,1910-1919,1st,Individual,TAS,AUS
J Moore,Kings/Queens,NT,1996,1990-1999,1st,Individual,NT,AUS
J Moore,Kings/Queens,WA,2002,2000-2009,1st,Individual,WA,AUS
J Moore,Kings/Queens,WA,2006,2000-2009,1st,Individual,WA,AUS
J Moore,Kings/Queens,WA,2013,2010-2019,1st,Individual,WA,AUS
J Moore,Kings/Queens,WA,2021,2020-2029,1st,Individual,WA,AUS
J Myles,Kings/Queens,NAT,1991,1990-1999,1st,Individual,NAT,AUS
J Pemberton,Kings/Queens,NSW,1973,1970-1979,1st,Individual,NSW,AUS
J Percival,Kings/Queens,NSW,1975,1970-1979,1st,Individual,NSW,AUS
J Picton,Kings/Queens,NSW,1958,1950-1959,1st,Individual,NSW,AUS
J Power,Kings/Queens,NQ,1934,1930-1939,1st,Individual,NQ,AUS
J Pratt,Kings/Queens,NQ,2021,2020-2029,1st,Individual,NQ,AUS
J Reilly,Kings/Queens,QLD,1983,1980-1989,1st,Individual,QLD,AUS
J Reilly,Kings/Queens,TAS,1973,1970-1979,1st,Individual,TAS,AUS
J Reither,Kings/Queens,NT,1992,1990-1999,1st,Individual,NT,AUS
J Schafferius,Kings/Queens,NQ,1993,1990-1999,1st,Individual,NQ,AUS
J Schafferius,Kings/Queens,NQ,1996,1990-1999,1st,Individual,NQ,AUS
J Searis,Kings/Queens,VIC,1933,1930-1939,1st,Individual,VIC,AUS
J Simpson,Kings/Queens,VIC,1960,1960-1969,1st,Individual,VIC,AUS
J Stauwer,Kings/Queens,NQ,2012,2010-2019,1st,Individual,NQ,AUS
J Stauwer,Kings/Queens,SA,2011,2010-2019,1st,Individual,SA,AUS
J Stirling,Kings/Queens,QLD,1888,1880-1889,1st,Individual,QLD,AUS
J Sweet,Kings/Queens,NAT,1973,1970-1979,1st,Individual,NAT,AUS
J Sweet,Kings/Queens,SA,1957,1950-1959,1st,Individual,SA,AUS
J Sweet,Kings/Queens,WA,1976,1970-1979,1st,Individual,WA,AUS
J Trigg,Kings/Queens,VIC,1904,1900-1909,1st,Individual,VIC,AUS
J Wagland,Kings/Queens,WA,1997,1990-1999,1st,Individual,WA,AUS
J Whidden,Kings/Queens,NAT,2011,2010-2019,1st,Individual,NAT,AUS
J Williams,Kings/Queens,SA,1907,1900-1909,1st,Individual,SA,AUS
J Williams,Kings/Queens,SA,1924,1920-1929,1st,Individual,SA,AUS
J Williamson,Kings/Queens,VIC,1909,1900-1909,1st,Individual,VIC,AUS
J Wood,Kings/Queens,SA,1986,1980-1989,1st,Individual,SA,AUS
J Wood,Kings/Queens,TAS,1991,1990-1999,1st,Individual,TAS,AUS
JA Bartlett,Kings/Queens,SA,1978,1970-1979,1st,Individual,SA,AUS
JT Lake,Kings/Queens,SA,1899,1890-1899,1st,Individual,SA,AUS
JT Lake,Kings/Queens,SA,1900,1900-1909,1st,Individual,SA,AUS
K Connor,Kings/Queens,QLD,1992,1990-1999,1st,Individual,QLD,AUS
K Dyason,Kings/Queens,SA,1991,1990-1999,1st,Individual,SA,AUS
K Gilham,Kings/Queens,TAS,1957,1950-1959,1st,Individual,TAS,AUS
K Golder,Kings/Queens,NZ,1979,1970-1979,1st,Individual,NZ,NZ
K Golder,Kings/Queens,QLD,1989,1980-1989,1st,Individual,QLD,AUS
K Gordon,Kings/Queens,NQ,1926,1920-1929,1st,Individual,NQ,AUS
K Hills,Kings/Queens,NAT,1983,1980-1989,1st,Individual,NAT,AUS
K Kennedy,Kings/Queens,NSW,1968,1960-1969,1st,Individual,NSW,AUS
K Lee,Kings/Queens,NSW,1953,1950-1959,1st,Individual,NSW,AUS
K Lobwein,Kings/Queens,QLD,2000,2000-2009,1st,Individual,QLD,AUS
K McLachlan,Kings/Queens,NQ,1973,1970-1979,1st,Individual,NQ,AUS
K McLachlan,Kings/Queens,NQ,1980,1980-1989,1st,Individual,NQ,AUS
K Richards,Kings/Queens,WA,1959,1950-1959,1st,Individual,WA,AUS
K Young,Kings/Queens,NT,2010,2010-2019,1st,Individual,NT,AUS
KM Hunt,Kings/Queens,SA,1968,1960-1969,1st,Individual,SA,AUS
KN Sadler,Kings/Queens,NAT,1975,1970-1979,1st,Individual,NAT,AUS
L Barrad,Kings/Queens,VIC,1931,1930-1939,1st,Individual,VIC,AUS
L Davidson,Kings/Queens,WA,1975,1970-1979,1st,Individual,WA,AUS
L Dove,Kings/Queens,QLD,1957,1950-1959,1st,Individual,QLD,AUS
L Dove,Kings/Queens,VIC,1953,1950-1959,1st,Individual,VIC,AUS
L Dove,Kings/Queens,VIC,1955,1950-1959,1st,Individual,VIC,AUS
L Felton,Kings/Queens,QLD,1975,1970-1979,1st,Individual,QLD,AUS
L Felton,Kings/Queens,WA,1974,1970-1979,1st,Individual,WA,AUS
L Fossilo,Kings/Queens,WA,1983,1980-1989,1st,Individual,WA,AUS
L Hair,Kings/Queens,NSW,1955,1950-1959,1st,Individual,NSW,AUS
L Hair,Kings/Queens,TAS,1954,1950-1959,1st,Individual,TAS,AUS
L Hair,Kings/Queens,VIC,1961,1960-1969,1st,Individual,VIC,AUS
L Hawkins,Kings/Queens,TAS,1984,1980-1989,1st,Individual,TAS,AUS
L Hill,Kings/Queens,WA,1928,1920-1929,1st,Individual,WA,AUS
L Horwood,Kings/Queens,WA,1995,1990-1999,1st,Individual,WA,AUS
L Hubbard,Kings/Queens,QLD,1913,1910-1919,1st,Individual,QLD,AUS
L La Tours,Kings/Queens,QLD,1991,1990-1999,1st,Individual,QLD,AUS
L McInerney,Kings/Queens,TAS,1972,1970-1979,1st,Individual,TAS,AUS
L Morris,Kings/Queens,QLD,1952,1950-1959,1st,Individual,QLD,AUS
L Morris,Kings/Queens,QLD,1954,1950-1959,1st,Individual,QLD,AUS
L Neilsen,Kings/Queens,NQ,1974,1970-1979,1st,Individual,NQ,AUS
L Neilsen,Kings/Queens,NQ,1987,1980-1989,1st,Individual,NQ,AUS
L Neilsen,Kings/Queens,NQ,1989,1980-1989,1st,Individual,NQ,AUS
L Neilsen,Kings/Queens,VIC,1987,1980-1989,1st,Individual,VIC,AUS
L Scott,Kings/Queens,NQ,1968,1960-1969,1st,Individual,NQ,AUS
L Scott,Kings/Queens,QLD,1968,1960-1969,1st,Individual,QLD,AUS
L Smith,Kings/Queens,NSW,1932,1930-1939,1st,Individual,NSW,AUS
L.Cpl Fulton,Kings/Queens,TAS,1907,1900-1909,1st,Individual,TAS,AUS
LJ McInerney,Kings/Queens,NAT,1974,1970-1979,1st,Individual,NAT,AUS
LJ McInerney,Kings/Queens,SA,1965,1960-1969,1st,Individual,SA,AUS
LJ Ward,Kings/Queens,SA,1964,1960-1969,1st,Individual,SA,AUS
Lt A Robertson,Kings/Queens,SA,1887,1880-1889,1st,Individual,SA,AUS
Lt Esselbach,Kings/Queens,SA,1892,1890-1899,1st,Individual,SA,AUS
Lt Sampson,Kings/Queens,SA,1896,1890-1899,1st,Individual,SA,AUS
Lt-Col TC Williamson,Kings/Queens,SA,1952,1950-1959,1st,Individual,SA,AUS
LW Lock,Kings/Queens,SA,1953,1950-1959,1st,Individual,SA,AUS
LW Lock,Kings/Queens,SA,1956,1950-1959,1st,Individual,SA,AUS
LW Lock,Kings/Queens,SA,1958,1950-1959,1st,Individual,SA,AUS
LW Lock,Kings/Queens,SA,1959,1950-1959,1st,Individual,SA,AUS
LW Lock,Kings/Queens,SA,1960,1960-1969,1st,Individual,SA,AUS
M Bailey,Kings/Queens,QLD,2020,2020-2029,1st,Individual,QLD,AUS
M Bailey,Kings/Queens,NSW,2021,2020-2029,1st,Individual,NSW,AUS
M Bailey,Kings/Queens,NQ,2022,2020-2029,1st,Individual,NQ,AUS
M Bailey,Kings/Queens,NSW,2023,2020-2029,1st,Individual,NSW,AUS
M Buchanan,Kings/Queens,NAT,2008,2000-2009,1st,Individual,NAT,AUS
M Buchanan,Kings/Queens,NQ,2008,2000-2009,1st,Individual,NQ,AUS
M Buchanan,Kings/Queens,NSW,1987,1980-1989,1st,Individual,NSW,AUS
M Buchanan,Kings/Queens,NSW,1998,1990-1999,1st,Individual,NSW,AUS
M Buchanan,Kings/Queens,NSW,2003,2000-2009,1st,Individual,NSW,AUS
M Buchanan,Kings/Queens,NSW,2005,2000-2009,1st,Individual,NSW,AUS
M Buchanan,Kings/Queens,NZ,1986,1980-1989,1st,Individual,NZ,NZ
M Buchanan,Kings/Queens,NZ,2007,2000-2009,1st,Individual,NZ,NZ
M Buchanan,Kings/Queens,QLD,2008,2000-2009,1st,Individual,QLD,AUS
M Buchanan,Kings/Queens,QLD,2009,2000-2009,1st,Individual,QLD,AUS
M Buchanan,Kings/Queens,TAS,2005,2000-2009,1st,Individual,TAS,AUS
M Buchanan,Kings/Queens,TAS,2007,2000-2009,1st,Individual,TAS,AUS
M Collings,Kings/Queens,NQ,2009,2000-2009,1st,Individual,NQ,AUS
M Collings,Kings/Queens,NT,2002,2000-2009,1st,Individual,NT,AUS
M Collings,Kings/Queens,VIC,2009,2000-2009,1st,Individual,VIC,AUS
M Dow,Kings/Queens,TAS,1970,1970-1979,1st,Individual,TAS,AUS
M Forsberg,Kings/Queens,WA,2014,2010-2019,1st,Individual,WA,AUS
M Friend,Kings/Queens,TAS,1965,1960-1969,1st,Individual,TAS,AUS
M Garcia,Kings/Queens,QLD,2001,2000-2009,1st,Individual,QLD,AUS
M Herbert,Kings/Queens,WA,1961,1960-1969,1st,Individual,WA,AUS
M Hobbs,Kings/Queens,QLD,1976,1970-1979,1st,Individual,QLD,AUS
M Hobbs,Kings/Queens,QLD,1980,1980-1989,1st,Individual,QLD,AUS
M Millen,Kings/Queens,TAS,2018,2010-2019,1st,Individual,TAS,AUS
M Millen,Kings/Queens,TAS,2019,2010-2019,1st,Individual,TAS,AUS
M Nenghini,Kings/Queens,WA,1950,1950-1959,1st,Individual,WA,AUS
M Pozzebon,Kings/Queens,VIC,2014,2010-2019,1st,Individual,VIC,AUS
M Shepherd,Kings/Queens,ACT,2022,2020-2029,1st,Individual,ACT,AUS
M Sweet,Kings/Queens,NZ,1992,1990-1999,1st,Individual,NZ,NZ
M Sweet,Kings/Queens,TAS,1998,1990-1999,1st,Individual,TAS,AUS
M Teglasi,Kings/Queens,TAS,2014,2010-2019,1st,Individual,TAS,AUS
M Thurtell,Kings/Queens,NSW,2007,2000-2009,1st,Individual,NSW,AUS
M Thurtell,Kings/Queens,NT,2018,2010-2019,1st,Individual,NT,AUS
M Thurtell,Kings/Queens,QLD,2022,2020-2029,1st,Individual,QLD,AUS
M Walters,Kings/Queens,TAS,2015,2010-2019,1st,Individual,TAS,AUS
M Wood,Kings/Queens,NAT,1998,1990-1999,1st,Individual,NAT,AUS
M Wood,Kings/Queens,TAS,2004,2000-2009,1st,Individual,TAS,AUS
Mathison,Kings/Queens,NSW,1900,1900-1909,1st,Individual,NSW,AUS
Miss W Hadfield,Kings/Queens,NSW,1994,1990-1999,1st,Individual,NSW,AUS
ML Friend,Kings/Queens,SA,1961,1960-1969,1st,Individual,SA,AUS
ML Friend,Kings/Queens,SA,1962,1960-1969,1st,Individual,SA,AUS
ML Friend,Kings/Queens,SA,1967,1960-1969,1st,Individual,SA,AUS
ML Friend,Kings/Queens,SA,1971,1970-1979,1st,Individual,SA,AUS
N Blurton,Kings/Queens,WA,1955,1950-1959,1st,Individual,WA,AUS
N Crawshaw,Kings/Queens,NQ,1988,1980-1989,1st,Individual,NQ,AUS
N Gibbins,Kings/Queens,TAS,2020,2020-2029,1st,Individual,TAS,AUS
N Helmore,Kings/Queens,VIC,1969,1960-1969,1st,Individual,VIC,AUS
N Hughes,Kings/Queens,WA,2011,2010-2019,1st,Individual,WA,AUS
N Hughes,Kings/Queens,WA,2020,2020-2029,1st,Individual,WA,AUS
N Irving,Kings/Queens,NSW,1964,1960-1969,1st,Individual,NSW,AUS
N McIntyre,Kings/Queens,NQ,1925,1920-1929,1st,Individual,NQ,AUS
N McLennan,Kings/Queens,NQ,1953,1950-1959,1st,Individual,NQ,AUS
N McLennan,Kings/Queens,QLD,1955,1950-1959,1st,Individual,QLD,AUS
N Milligan,Kings/Queens,WA,1963,1960-1969,1st,Individual,WA,AUS
N Woodyatt,Kings/Queens,QLD,1929,1920-1929,1st,Individual,QLD,AUS
Newgreen,Kings/Queens,TAS,1902,1900-1909,1st,Individual,TAS,AUS
O Boyd,Kings/Queens,QLD,1935,1930-1939,1st,Individual,QLD,AUS
O Ford,Kings/Queens,TAS,1926,1920-1929,1st,Individual,TAS,AUS
O Pattinson,Kings/Queens,NSW,1959,1950-1959,1st,Individual,NSW,AUS
O Pattinson,Kings/Queens,VIC,1985,1980-1989,1st,Individual,VIC,AUS
O Stanton,Kings/Queens,NSW,1926,1920-1929,1st,Individual,NSW,AUS
P Bain,Kings/Queens,VIC,1984,1980-1989,1st,Individual,VIC,AUS
P Fargher,Kings/Queens,VIC,1892,1890-1899,1st,Individual,VIC,AUS
P Gall,Kings/Queens,WA,1990,1990-1999,1st,Individual,WA,AUS
P Gartner,Kings/Queens,NQ,1963,1960-1969,1st,Individual,NQ,AUS
P Gartner,Kings/Queens,QLD,1963,1960-1969,1st,Individual,QLD,AUS
P Gillies,Kings/Queens,TAS,1933,1930-1939,1st,Individual,TAS,AUS
P Gillies,Kings/Queens,TAS,1934,1930-1939,1st,Individual,TAS,AUS
P Green,Kings/Queens,WA,1992,1990-1999,1st,Individual,WA,AUS
P Hallett,Kings/Queens,NAT,1977,1970-1979,1st,Individual,NAT,AUS
P Hallett,Kings/Queens,NT,1982,1980-1989,1st,Individual,NT,AUS
P Hallett,Kings/Queens,NT,1986,1980-1989,1st,Individual,NT,AUS
P Hallett,Kings/Queens,VIC,1968,1960-1969,1st,Individual,VIC,AUS
P Hallett,Kings/Queens,VIC,1973,1970-1979,1st,Individual,VIC,AUS
P Hodder,Kings/Queens,TAS,2024,2020-2029,1st,Individual,TAS,AUS
P Lee,Kings/Queens,NSW,1938,1930-1939,1st,Individual,NSW,AUS
P Lee,Kings/Queens,QLD,1936,1930-1939,1st,Individual,QLD,AUS
P Lee,Kings/Queens,VIC,1936,1930-1939,1st,Individual,VIC,AUS
P Lee,Kings/Queens,WA,1936,1930-1939,1st,Individual,WA,AUS
P Maher,Kings/Queens,TAS,2017,2010-2019,1st,Individual,TAS,AUS
P Matthews,Kings/Queens,NQ,1920,1920-1929,1st,Individual,NQ,AUS
P Matthews,Kings/Queens,NQ,1933,1930-1939,1st,Individual,NQ,AUS
P Matthews,Kings/Queens,NQ,1936,1930-1939,1st,Individual,NQ,AUS
P Pavey,Kings/Queens,BISLEY,1948,1940-1949,1st,Individual,BISLEY,UK
P Pavey,Kings/Queens,NSW,1931,1930-1939,1st,Individual,NSW,AUS
P Pavey,Kings/Queens,NSW,1952,1950-1959,1st,Individual,NSW,AUS
P Pavey,Kings/Queens,QLD,1930,1930-1939,1st,Individual,QLD,AUS
P Pavey,Kings/Queens,QLD,1939,1930-1939,1st,Individual,QLD,AUS
P Pavey,Kings/Queens,QLD,1950,1950-1959,1st,Individual,QLD,AUS
P Pavey,Kings/Queens,SA,1938,1930-1939,1st,Individual,SA,AUS
P Pavey,Kings/Queens,SA,1955,1950-1959,1st,Individual,SA,AUS
P Pavey,Kings/Queens,TAS,1938,1930-1939,1st,Individual,TAS,AUS
P Pavey,Kings/Queens,TAS,1956,1950-1959,1st,Individual,TAS,AUS
P Pavey,Kings/Queens,VIC,1930,1930-1939,1st,Individual,VIC,AUS
P Pavey,Kings/Queens,VIC,1932,1930-1939,1st,Individual,VIC,AUS
P Pavey,Kings/Queens,VIC,1935,1930-1939,1st,Individual,VIC,AUS
P Pavey,Kings/Queens,VIC,1958,1950-1959,1st,Individual,VIC,AUS
P Pavey,Kings/Queens,VIC,1959,1950-1959,1st,Individual,VIC,AUS
P Pearce,Kings/Queens,SA,1997,1990-1999,1st,Individual,SA,AUS
P Pearce,Kings/Queens,VIC,1996,1990-1999,1st,Individual,VIC,AUS
P Phillips,Kings/Queens,NAT,1995,1990-1999,1st,Individual,NAT,AUS
P Phillips,Kings/Queens,SA,1983,1980-1989,1st,Individual,SA,AUS
P Phillips,Kings/Queens,VIC,1995,1990-1999,1st,Individual,VIC,AUS
P Robinson,Kings/Queens,NAT,1989,1980-1989,1st,Individual,NAT,AUS
P Robinson,Kings/Queens,NSW,1982,1980-1989,1st,Individual,NSW,AUS
P Robinson,Kings/Queens,QLD,1990,1990-1999,1st,Individual,QLD,AUS
P Robinson,Kings/Queens,SA,1987,1980-1989,1st,Individual,SA,AUS
P Robinson,Kings/Queens,TAS,1980,1980-1989,1st,Individual,TAS,AUS
P Robinson,Kings/Queens,TAS,1983,1980-1989,1st,Individual,TAS,AUS
P Robinson,Kings/Queens,TAS,1990,1990-1999,1st,Individual,TAS,AUS
P Robinson,Kings/Queens,VIC,1981,1980-1989,1st,Individual,VIC,AUS
P Robinson,Kings/Queens,VIC,2001,2000-2009,1st,Individual,VIC,AUS
P Salamon,Kings/Queens,NAT,2002,2000-2009,1st,Individual,NAT,AUS
P Salamon,Kings/Queens,NAT,2003,2000-2009,1st,Individual,NAT,AUS
P Salamon,Kings/Queens,NQ,2005,2000-2009,1st,Individual,NQ,AUS
P Salamon,Kings/Queens,NSW,2002,2000-2009,1st,Individual,NSW,AUS
P Salamon,Kings/Queens,SA,2003,2000-2009,1st,Individual,SA,AUS
P Salamon,Kings/Queens,TAS,2003,2000-2009,1st,Individual,TAS,AUS
P Salamon,Kings/Queens,VIC,2000,2000-2009,1st,Individual,VIC,AUS
P Salamon,Kings/Queens,VIC,2004,2000-2009,1st,Individual,VIC,AUS
P Savage,Kings/Queens,SA,2017,2010-2019,1st,Individual,SA,AUS
P Schafferius,Kings/Queens,NQ,2002,2000-2009,1st,Individual,NQ,AUS
P Schafferius,Kings/Queens,NSW,1996,1990-1999,1st,Individual,NSW,AUS
P Schafferius,Kings/Queens,QLD,1996,1990-1999,1st,Individual,QLD,AUS
P Smeets,Kings/Queens,WA,1973,1970-1979,1st,Individual,WA,AUS
P Thompson,Kings/Queens,NT,1980,1980-1989,1st,Individual,NT,AUS
P Thorn,Kings/Queens,QLD,1903,1900-1909,1st,Individual,QLD,AUS
P Thurlow,Kings/Queens,VIC,1912,1910-1919,1st,Individual,VIC,AUS
P Thurtell,Kings/Queens,ACT,2015,2010-2019,1st,Individual,ACT,AUS
P Thurtell,Kings/Queens,QLD,2015,2010-2019,1st,Individual,QLD,AUS
Pr McLean,Kings/Queens,NSW,1884,1880-1889,1st,Individual,NSW,AUS
Pte A Webster,Kings/Queens,SA,1888,1880-1889,1st,Individual,SA,AUS
Pte AR Addison,Kings/Queens,SA,1883,1880-1889,1st,Individual,SA,AUS
Pte Crittenden,Kings/Queens,SA,1889,1880-1889,1st,Individual,SA,AUS
Pte Forrester,Kings/Queens,SA,1880,1880-1889,1st,Individual,SA,AUS
Pte G Williams,Kings/Queens,SA,1882,1880-1889,1st,Individual,SA,AUS
Pte Paton,Kings/Queens,SA,1881,1880-1889,1st,Individual,SA,AUS
Pte WG Willoughby,Kings/Queens,CAN,1904,1900-1909,1st,Individual,CAN,CAN
Pte WH Miller,Kings/Queens,SA,1884,1880-1889,1st,Individual,SA,AUS
R Adams,Kings/Queens,WA,1921,1920-1929,1st,Individual,WA,AUS
R Atkinson,Kings/Queens,SA,2016,2010-2019,1st,Individual,SA,AUS
R Atkinson,Kings/Queens,SA,2019,2010-2019,1st,Individual,SA,AUS
R Braithwaite,Kings/Queens,TAS,1968,1960-1969,1st,Individual,TAS,AUS
R Burr,Kings/Queens,VIC,1902,1900-1909,1st,Individual,VIC,AUS
R Calvert,Kings/Queens,TAS,1925,1920-1929,1st,Individual,TAS,AUS
R Clarke,Kings/Queens,WA,1923,1920-1929,1st,Individual,WA,AUS
R Cochrane,Kings/Queens,WA,1957,1950-1959,1st,Individual,WA,AUS
R Courtney,Kings/Queens,NAT,1984,1980-1989,1st,Individual,NAT,AUS
R Dean,Kings/Queens,NSW,1963,1960-1969,1st,Individual,NSW,AUS
R Dewar,Kings/Queens,SA,1927,1920-1929,1st,Individual,SA,AUS
R Dyer,Kings/Queens,NQ,2003,2000-2009,1st,Individual,NQ,AUS
R Dyer,Kings/Queens,NT,2008,2000-2009,1st,Individual,NT,AUS
R Easther,Kings/Queens,TAS,1890,1890-1899,1st,Individual,TAS,AUS
R Edmonds,Kings/Queens,WA,1911,1910-1919,1st,Individual,WA,AUS
R Exton,Kings/Queens,TAS,1932,1930-1939,1st,Individual,TAS,AUS
R Fisher,Kings/Queens,NQ,1952,1950-1959,1st,Individual,NQ,AUS
R Graham,Kings/Queens,BISLEY,1978,1970-1979,1st,Individual,BISLEY,UK
R Gratte,Kings/Queens,WA,1932,1930-1939,1st,Individual,WA,AUS
R Gunn,Kings/Queens,NSW,1927,1920-1929,1st,Individual,NSW,AUS
R Gunn,Kings/Queens,NSW,1930,1930-1939,1st,Individual,NSW,AUS
R Halliday,Kings/Queens,WA,1925,1920-1929,1st,Individual,WA,AUS
R Herbert,Kings/Queens,WA,1970,1970-1979,1st,Individual,WA,AUS
R Hinkler,Kings/Queens,QLD,1972,1970-1979,1st,Individual,QLD,AUS
R Kincade,Kings/Queens,NQ,1923,1920-1929,1st,Individual,NQ,AUS
R Laing,Kings/Queens,TAS,1960,1960-1969,1st,Individual,TAS,AUS
R Larsen,Kings/Queens,WA,1935,1930-1939,1st,Individual,WA,AUS
R Negus,Kings/Queens,NAT,1980,1980-1989,1st,Individual,NAT,AUS
R Negus,Kings/Queens,TAS,1985,1980-1989,1st,Individual,TAS,AUS
R Pederson,Kings/Queens,SA,2004,2000-2009,1st,Individual,SA,AUS
R Pederson,Kings/Queens,TAS,2002,2000-2009,1st,Individual,TAS,AUS
R Richards,Kings/Queens,NSW,1912,1910-1919,1st,Individual,NSW,AUS
R Richards-Mousley,Kings/Queens,NAT,1972,1970-1979,1st,Individual,NAT,AUS
R Robertson,Kings/Queens,SA,1935,1930-1939,1st,Individual,SA,AUS
R Rogers,Kings/Queens,QLD,1880,1880-1889,1st,Individual,QLD,AUS
R Rowlands,Kings/Queens,QLD,1986,1980-1989,1st,Individual,QLD,AUS
R Rush,Kings/Queens,NSW,1989,1980-1989,1st,Individual,NSW,AUS
R Rush,Kings/Queens,NSW,1993,1990-1999,1st,Individual,NSW,AUS
R Rush,Kings/Queens,NSW,1995,1990-1999,1st,Individual,NSW,AUS
R Rush,Kings/Queens,QLD,1995,1990-1999,1st,Individual,QLD,AUS
R Rush,Kings/Queens,QLD,1998,1990-1999,1st,Individual,QLD,AUS
R Rush,Kings/Queens,QLD,2003,2000-2009,1st,Individual,QLD,AUS
R Rush,Kings/Queens,ZIM,1998,1990-1999,1st,Individual,ZIM,ZIM
R Scoones,Kings/Queens,WA,1986,1980-1989,1st,Individual,WA,AUS
R Spillman,Kings/Queens,NAT,1981,1980-1989,1st,Individual,NAT,AUS
R Stewart,Kings/Queens,NQ,1976,1970-1979,1st,Individual,NQ,AUS
R Swindle,Kings/Queens,NAT,1982,1980-1989,1st,Individual,NAT,AUS
R Swindle,Kings/Queens,NAT,1990,1990-1999,1st,Individual,NAT,AUS
R Ubank,Kings/Queens,QLD,1911,1910-1919,1st,Individual,QLD,AUS
R Wade,Kings/Queens,VIC,1980,1980-1989,1st,Individual,VIC,AUS
R Wallace,Kings/Queens,QLD,1902,1900-1909,1st,Individual,QLD,AUS
R Wallace,Kings/Queens,WA,1912,1910-1919,1st,Individual,WA,AUS
R Wasley,Kings/Queens,VIC,1966,1960-1969,1st,Individual,VIC,AUS
R Whittington,Kings/Queens,TAS,1903,1900-1909,1st,Individual,TAS,AUS
R Whittington,Kings/Queens,TAS,1906,1900-1909,1st,Individual,TAS,AUS
Ray Jones,Kings/Queens,ACT,2014,2010-2019,1st,Individual,ACT,AUS
Ray Jones,Kings/Queens,SA,2001,2000-2009,1st,Individual,SA,AUS
Reg Parker,Kings/Queens,NSW,1950,1950-1959,1st,Individual,NSW,AUS
Reg Parker,Kings/Queens,VIC,1952,1950-1959,1st,Individual,VIC,AUS
Rev CE Doudney,Kings/Queens,SA,1904,1900-1909,1st,Individual,SA,AUS
RH Hall,Kings/Queens,SA,1909,1900-1909,1st,Individual,SA,AUS
Richard Jones,Kings/Queens,VIC,2008,2000-2009,1st,Individual,VIC,AUS
Ron Parker,Kings/Queens,NAT,1988,1980-1989,1st,Individual,NAT,AUS
S Abood,Kings/Queens,QLD,2021,2020-2029,1st,Individual,QLD,AUS
S Birrell,Kings/Queens,TAS,1986,1980-1989,1st,Individual,TAS,AUS
S Brindley,Kings/Queens,NQ,2024,2020-2029,1st,Individual,NQ,AUS
S Bunting,Kings/Queens,VIC,1888,1880-1889,1st,Individual,VIC,AUS
S Collings,Kings/Queens,NSW,2017,2010-2019,1st,Individual,NSW,AUS
S Connell,Kings/Queens,WA,1969,1960-1969,1st,Individual,WA,AUS
S Connell,Kings/Queens,WA,1977,1970-1979,1st,Individual,WA,AUS
S Dunstall,Kings/Queens,ACT,2005,2000-2009,1st,Individual,ACT,AUS
S Dunstall,Kings/Queens,ACT,2010,2010-2019,1st,Individual,ACT,AUS
S Dunstall,Kings/Queens,NAT,1996,1990-1999,1st,Individual,NAT,AUS
S Dunstall,Kings/Queens,NAT,1997,1990-1999,1st,Individual,NAT,AUS
S Dunstall,Kings/Queens,NSW,2000,2000-2009,1st,Individual,NSW,AUS
S Dunstall,Kings/Queens,QLD,1997,1990-1999,1st,Individual,QLD,AUS
S Dunstall,Kings/Queens,SA,1977,1970-1979,1st,Individual,SA,AUS
S Dunstall,Kings/Queens,SA,2000,2000-2009,1st,Individual,SA,AUS
S Dunstall,Kings/Queens,VIC,1979,1970-1979,1st,Individual,VIC,AUS
S Edwards,Kings/Queens,NSW,1908,1900-1909,1st,Individual,NSW,AUS
S Edwards,Kings/Queens,QLD,1908,1900-1909,1st,Individual,QLD,AUS
S Edwards,Kings/Queens,SA,1920,1920-1929,1st,Individual,SA,AUS
S Edwards,Kings/Queens,VIC,1908,1900-1909,1st,Individual,VIC,AUS
S Golinski,Kings/Queens,CAN,1987,1980-1989,1st,Individual,CAN,CAN
S Golinski,Kings/Queens,NAT,1979,1970-1979,1st,Individual,NAT,AUS
S Golinski,Kings/Queens,NAT,1986,1980-1989,1st,Individual,NAT,AUS
S Golinski,Kings/Queens,NSW,1980,1980-1989,1st,Individual,NSW,AUS
S Golinski,Kings/Queens,QLD,1984,1980-1989,1st,Individual,QLD,AUS
S Golinski,Kings/Queens,VIC,1977,1970-1979,1st,Individual,VIC,AUS
S Hayes,Kings/Queens,WA,1971,1970-1979,1st,Individual,WA,AUS
S Haynes,Kings/Queens,TAS,1952,1950-1959,1st,Individual,TAS,AUS
S Heffernan,Kings/Queens,WA,1952,1950-1959,1st,Individual,WA,AUS
S Jackson,Kings/Queens,WA,1922,1920-1929,1st,Individual,WA,AUS
S Jacobs,Kings/Queens,QLD,2007,2000-2009,1st,Individual,QLD,AUS
S Kannar,Kings/Queens,NZ,1949,1940-1949,1st,Individual,NZ,NZ
S McAskill,Kings/Queens,WA,1953,1950-1959,1st,Individual,WA,AUS
S Negus,Kings/Queens,NSW,2010,2010-2019,1st,Individual,NSW,AUS
S Negus,Kings/Queens,NSW,2012,2010-2019,1st,Individual,NSW,AUS
S Negus,Kings/Queens,NSW,2014,2010-2019,1st,Individual,NSW,AUS
S Negus,Kings/Queens,QLD,1999,1990-1999,1st,Individual,QLD,AUS
S Negus,Kings/Queens,SA,2014,2010-2019,1st,Individual,SA,AUS
S Negus,Kings/Queens,TAS,2013,2010-2019,1st,Individual,TAS,AUS
S Negus,Kings/Queens,TAS,2016,2010-2019,1st,Individual,TAS,AUS
S Negus,Kings/Queens,VIC,2010,2010-2019,1st,Individual,VIC,AUS
S Negus,Kings/Queens,ACT,2018,2010-2019,1st,Individual,ACT,AUS
S Negus,Kings/Queens,TAS,2022,2020-2029,1st,Individual,TAS,AUS
S Negus,Kings/Queens,NT,2022,2020-2029,1st,Individual,NT,AUS
S Negus,Kings/Queens,NAT,2022,2020-2029,1st,Individual,NAT,AUS
S Negus,Kings/Queens,TAS,2023,2020-2029,1st,Individual,TAS,AUS
S Watson,Kings/Queens,NSW,1923,1920-1929,1st,Individual,NSW,AUS
S Watson,Kings/Queens,VIC,1928,1920-1929,1st,Individual,VIC,AUS
Sgt C Mann,Kings/Queens,SA,1895,1890-1899,1st,Individual,SA,AUS
Sgt Furnish,Kings/Queens,NSW,1881,1880-1889,1st,Individual,NSW,AUS
Sgt Gurr,Kings/Queens,TAS,1891,1890-1899,1st,Individual,TAS,AUS
Sgt Gurr,Kings/Queens,TAS,1893,1890-1899,1st,Individual,TAS,AUS
Sgt Hollingsworth,Kings/Queens,SA,1891,1890-1899,1st,Individual,SA,AUS
Sgt TW Harley,Kings/Queens,SA,1901,1900-1909,1st,Individual,SA,AUS
Sgt W Arnold,Kings/Queens,SA,1890,1890-1899,1st,Individual,SA,AUS
T Ashton,Kings/Queens,NSW,1935,1930-1939,1st,Individual,NSW,AUS
T Carter,Kings/Queens,NSW,1969,1960-1969,1st,Individual,NSW,AUS
T Churchill,Kings/Queens,VIC,1883,1880-1889,1st,Individual,VIC,AUS
T Deed,Kings/Queens,NT,1984,1980-1989,1st,Individual,NT,AUS
T Deed,Kings/Queens,VIC,2007,2000-2009,1st,Individual,VIC,AUS
T Doxford,Kings/Queens,NAT,2000,2000-2009,1st,Individual,NAT,AUS
T Gibb,Kings/Queens,QLD,1891,1890-1899,1st,Individual,QLD,AUS
T Gilmore,Kings/Queens,WA,1967,1960-1969,1st,Individual,WA,AUS
T Griffiths,Kings/Queens,TAS,1953,1950-1959,1st,Individual,TAS,AUS
T Grimes,Kings/Queens,QLD,1883,1880-1889,1st,Individual,QLD,AUS
T Grimes,Kings/Queens,QLD,1889,1880-1889,1st,Individual,QLD,AUS
T Grimes,Kings/Queens,QLD,1895,1890-1899,1st,Individual,QLD,AUS
T Kirt,Kings/Queens,VIC,1891,1890-1899,1st,Individual,VIC,AUS
T Moon,Kings/Queens,ACT,2009,2000-2009,1st,Individual,ACT,AUS
T Moon,Kings/Queens,NAT,1993,1990-1999,1st,Individual,NAT,AUS
T Moon,Kings/Queens,NQ,1991,1990-1999,1st,Individual,NQ,AUS
T Moon,Kings/Queens,NT,1994,1990-1999,1st,Individual,NT,AUS
T Moon,Kings/Queens,QLD,1994,1990-1999,1st,Individual,QLD,AUS
T Moore,Kings/Queens,TAS,1975,1970-1979,1st,Individual,TAS,AUS
T Roberts,Kings/Queens,NSW,1909,1900-1909,1st,Individual,NSW,AUS
T Roberts,Kings/Queens,SA,1921,1920-1929,1st,Individual,SA,AUS
T Roberts,Kings/Queens,SA,1922,1920-1929,1st,Individual,SA,AUS
T Stephens,Kings/Queens,VIC,1951,1950-1959,1st,Individual,VIC,AUS
T Stokes,Kings/Queens,WA,1954,1950-1959,1st,Individual,WA,AUS
T Stokes,Kings/Queens,WA,1965,1960-1969,1st,Individual,WA,AUS
T Whitchurch,Kings/Queens,NQ,1931,1930-1939,1st,Individual,NQ,AUS
V Barnier,Kings/Queens,QLD,1953,1950-1959,1st,Individual,QLD,AUS
V Buttsworth,Kings/Queens,NSW,1937,1930-1939,1st,Individual,NSW,AUS
V Lalor,Kings/Queens,NQ,1913,1910-1919,1st,Individual,NQ,AUS
V Wilcox,Kings/Queens,TAS,1959,1950-1959,1st,Individual,TAS,AUS
VC Stein,Kings/Queens,SA,1950,1950-1959,1st,Individual,SA,AUS
VC Stein,Kings/Queens,SA,1954,1950-1959,1st,Individual,SA,AUS
W Addison,Kings/Queens,BISLEY,1907,1900-1909,1st,Individual,BISLEY,UK
W Addison,Kings/Queens,SA,1903,1900-1909,1st,Individual,SA,AUS
W Addison,Kings/Queens,SA,1905,1900-1909,1st,Individual,SA,AUS
W Addison,Kings/Queens,SA,1912,1910-1919,1st,Individual,SA,AUS
W Angel,Kings/Queens,NAT,1976,1970-1979,1st,Individual,NAT,AUS
W Bain,Kings/Queens,TAS,1896,1890-1899,1st,Individual,TAS,AUS
W Bain,Kings/Queens,TAS,1897,1890-1899,1st,Individual,TAS,AUS
W Barron,Kings/Queens,QLD,1881,1880-1889,1st,Individual,QLD,AUS
W Bradford,Kings/Queens,NSW,1891,1890-1899,1st,Individual,NSW,AUS
W Carroll,Kings/Queens,NQ,1911,1910-1919,1st,Individual,NQ,AUS
W Cutler,Kings/Queens,NSW,1904,1900-1909,1st,Individual,NSW,AUS
W Cutler,Kings/Queens,NSW,1907,1900-1909,1st,Individual,NSW,AUS
W Cutler,Kings/Queens,TAS,1924,1920-1929,1st,Individual,TAS,AUS
W Cutler,Kings/Queens,VIC,1923,1920-1929,1st,Individual,VIC,AUS
W Draper,Kings/Queens,NSW,1936,1930-1939,1st,Individual,NSW,AUS
W Freebairn,Kings/Queens,SA,1981,1980-1989,1st,Individual,SA,AUS
W Garritty,Kings/Queens,WA,1910,1910-1919,1st,Individual,WA,AUS
W Garritty,Kings/Queens,WA,1927,1920-1929,1st,Individual,WA,AUS
W Green,Kings/Queens,VIC,1927,1920-1929,1st,Individual,VIC,AUS
W Grenness,Kings/Queens,ACT,2006,2000-2009,1st,Individual,ACT,AUS
W Grenness,Kings/Queens,NQ,2000,2000-2009,1st,Individual,NQ,AUS
W Grenness,Kings/Queens,NQ,2001,2000-2009,1st,Individual,NQ,AUS
W Grenness,Kings/Queens,SA,2009,2000-2009,1st,Individual,SA,AUS
W Grenness,Kings/Queens,TAS,1999,1990-1999,1st,Individual,TAS,AUS
W Grenness,Kings/Queens,TAS,2001,2000-2009,1st,Individual,TAS,AUS
W Hackfath,Kings/Queens,WA,1929,1920-1929,1st,Individual,WA,AUS
W Harris,Kings/Queens,QLD,1937,1930-1939,1st,Individual,QLD,AUS
W Harris,Kings/Queens,SA,1923,1920-1929,1st,Individual,SA,AUS
W Heald,Kings/Queens,TAS,1988,1980-1989,1st,Individual,TAS,AUS
W Henderson,Kings/Queens,WA,1949,1940-1949,1st,Individual,WA,AUS
W Hicks,Kings/Queens,VIC,1886,1880-1889,1st,Individual,VIC,AUS
W Hogarth,Kings/Queens,NQ,1965,1960-1969,1st,Individual,NQ,AUS
W Hogarth,Kings/Queens,QLD,1965,1960-1969,1st,Individual,QLD,AUS
W Hunt,Kings/Queens,TAS,1888,1880-1889,1st,Individual,TAS,AUS
W Hutchins,Kings/Queens,VIC,1911,1910-1919,1st,Individual,VIC,AUS
W Ingall,Kings/Queens,NSW,1886,1880-1889,1st,Individual,NSW,AUS
W Johnson,Kings/Queens,TAS,1901,1900-1909,1st,Individual,TAS,AUS
W Keyte,Kings/Queens,NSW,1906,1900-1909,1st,Individual,NSW,AUS
W Kyete,Kings/Queens,VIC,1921,1920-1929,1st,Individual,VIC,AUS
W Kyete,Kings/Queens,VIC,1924,1920-1929,1st,Individual,VIC,AUS
W Mellows,Kings/Queens,WA,1934,1930-1939,1st,Individual,WA,AUS
W Mellows,Kings/Queens,WA,1948,1940-1949,1st,Individual,WA,AUS
W Mellows,Kings/Queens,WA,1956,1950-1959,1st,Individual,WA,AUS
W Mellows,Kings/Queens,WA,1960,1960-1969,1st,Individual,WA,AUS
W Mitchell,Kings/Queens,VIC,1974,1970-1979,1st,Individual,VIC,AUS
W Moulday,Kings/Queens,QLD,1912,1910-1919,1st,Individual,QLD,AUS
W Oakley,Kings/Queens,NSW,1949,1940-1949,1st,Individual,NSW,AUS
W Oldershaw,Kings/Queens,VIC,1882,1880-1889,1st,Individual,VIC,AUS
W Pilbeam,Kings/Queens,TAS,1909,1900-1909,1st,Individual,TAS,AUS
W Roberts,Kings/Queens,QLD,1921,1920-1929,1st,Individual,QLD,AUS
W Schlam,Kings/Queens,WA,1930,1930-1939,1st,Individual,WA,AUS
W Smith,Kings/Queens,NQ,1969,1960-1969,1st,Individual,NQ,AUS
W Smith,Kings/Queens,NQ,1975,1970-1979,1st,Individual,NQ,AUS
W Smith,Kings/Queens,NQ,1979,1970-1979,1st,Individual,NQ,AUS
W Smith,Kings/Queens,QLD,1959,1950-1959,1st,Individual,QLD,AUS
W Smith,Kings/Queens,QLD,1969,1960-1969,1st,Individual,QLD,AUS
W Smith,Kings/Queens,QLD,1973,1970-1979,1st,Individual,QLD,AUS
W Soden,Kings/Queens,NSW,1903,1900-1909,1st,Individual,NSW,AUS
W Taylor,Kings/Queens,TAS,1919,1910-1919,1st,Individual,TAS,AUS
W Taylor,Kings/Queens,TAS,1920,1920-1929,1st,Individual,TAS,AUS
W Thirkettle,Kings/Queens,VIC,1884,1880-1889,1st,Individual,VIC,AUS
W Thompson,Kings/Queens,SA,1929,1920-1929,1st,Individual,SA,AUS
W Walker,Kings/Queens,NQ,1949,1940-1949,1st,Individual,NQ,AUS
Welsh,Kings/Queens,TAS,1887,1880-1889,1st,Individual,TAS,AUS
WOJ Raven,Kings/Queens,VIC,1907,1900-1909,1st,Individual,VIC,AUS
B Emms,Overseas Championships,USA Nationals,2014,2010-2019,1st,Individual,Camp Perry,USA
B Wood,Overseas Championships,Imperial Meeting Grand,1989,1980-1989,2nd,Individual,Bisley,ENG
G Ayling,Overseas Championships,Imperial Meeting Grand,1978,1970-1979,2nd,Individual,Bisley,ENG
G Berman,Overseas Championships,Imperial Meeting Grand,1984,1980-1989,2nd,Individual,Bisley,ENG
HM Natt,Overseas Championships,Imperial Meeting Grand,1948,1940-1949,2nd,Individual,Bisley,ENG
J Bailey,Overseas Championships,Imperial Meeting Grand,2013,2010-2019,2nd,Individual,Bisley,ENG
J Corbett,Overseas Championships,Imperial Meeting Grand,2012,2010-2019,1st,Individual,Bisley,ENG
J Corbett,Overseas Championships,Imperial Meeting Grand,2014,2010-2019,2nd,Individual,Bisley,ENG
J Corbett,Overseas Championships,Imperial Meeting Grand,2016,2010-2019,1st,Individual,Bisley,ENG
J Corbett,Overseas Championships,Imperial Meeting Grand,2018,2010-2019,1st,Individual,Bisley,ENG
S Negus,Overseas Championships,Imperial Meeting Grand,2023,2020-2029,1st,Individual,Bisley,ENG
M Bailey,Overseas Championships,Imperial Meeting Grand,2023,2020-2029,2nd,Individual,Bisley,ENG
M Pozzebon,Overseas Championships,USA Nationals,2015,2010-2019,1st,Individual,Camp Perry,USA
P Pavey,Overseas Championships,Imperial Meeting Grand,1956,1950-1959,1st,Individual,Bisley,ENG
S Negus,World Long Range Championships,World Long Range Championships,2019,2010-2019,Gold,Individual,Trentham,NZ
M Bailey,World Long Range Championships,World Long Range Championships,2019,2010-2019,Silver,Individual,Trentham,NZ
B Emms,World Long Range Championships,World Long Range Championships,2015,2010-2019,Gold,Individual,Camp Perry,USA
M Pozzebon,World Long Range Championships,World Long Range Championships,2015,2010-2019,Bronze,Individual,Camp Perry,USA
S Dunstall,World Long Range Championships,World Long Range Championships,1999,1990-1999,Silver,Individual,Bloemfontein,SA
A Bidgood,World Long Range Championships,World Long Range Championships,2024,2020-2029,Gold,Individual,Bloemfontein,SA