Decade,Year,Winner,State
1880-1889,1880,A Keating,NSW
1880-1889,1881,Sgt Furnish,NSW
1880-1889,1882,Capt Linsley,NSW
1880-1889,1883,A Keating,NSW
1880-1889,1884,Pr McLean,NSW
1880-1889,1885,Cpl Fraser,NSW
1880-1889,1886,W Ingall,NSW
1880-1889,1887,A Keating,NSW
1880-1889,1888,A Grant,NSW
1880-1889,1889,A Keating,NSW
1880-1889,1880,NA,VIC
1880-1889,1881,J Hanby,VIC
1880-1889,1882,W Oldershaw,VIC
1880-1889,1883,T Churchill,VIC
1880-1889,1884,W Thirkettle,VIC
1880-1889,1885,J Christopherson,VIC
1880-1889,1886,W Hicks,VIC
1880-1889,1887,A Taylor,VIC
1880-1889,1888,S Bunting,VIC
1880-1889,1889,F Logan,VIC
1880-1889,1880,R Rogers,QLD
1880-1889,1881,W Barron,QLD
1880-1889,1882,A Thynne,QLD
1880-1889,1883,T Grimes,QLD
1880-1889,1884,A Thynne,QLD
1880-1889,1885,Creeth,QLD
1880-1889,1886,C Fryer,QLD
1880-1889,1887,George,QLD
1880-1889,1888,J Stirling,QLD
1880-1889,1889,T Grimes,QLD
1880-1889,1880,NA,TAS
1880-1889,1881,NA,TAS
1880-1889,1882,NA,TAS
1880-1889,1883,NA,TAS
1880-1889,1884,NA,TAS
1880-1889,1885,NA,TAS
1880-1889,1886,NA,TAS
1880-1889,1887,Welsh,TAS
1880-1889,1888,W Hunt,TAS
1880-1889,1889,NA,TAS
1880-1889,1880,Pte Forrester,SA
1880-1889,1881,Pte Paton,SA
1880-1889,1882,Pte G Williams,SA
1880-1889,1883,Pte AR Addison,SA
1880-1889,1884,Pte WH Miller,SA
1880-1889,1885,E Marsson,SA
1880-1889,1886,Cpl Lindeloff,SA
1880-1889,1887,Lt A Robertson,SA
1880-1889,1888,Pte A Webster,SA
1880-1889,1889,Pte Crittenden,SA
1880-1889,1880,NA,WA
1880-1889,1881,NA,WA
1880-1889,1882,NA,WA
1880-1889,1883,NA,WA
1880-1889,1884,NA,WA
1880-1889,1885,NA,WA
1880-1889,1886,NA,WA
1880-1889,1887,NA,WA
1880-1889,1888,NA,WA
1880-1889,1889,NA,WA
1880-1889,1880,NA,NQ
1880-1889,1881,NA,NQ
1880-1889,1882,NA,NQ
1880-1889,1883,NA,NQ
1880-1889,1884,NA,NQ
1880-1889,1885,NA,NQ
1880-1889,1886,NA,NQ
1880-1889,1887,NA,NQ
1880-1889,1888,NA,NQ
1880-1889,1889,NA,NQ
1880-1889,1880,NA,NT
1880-1889,1881,NA,NT
1880-1889,1882,NA,NT
1880-1889,1883,NA,NT
1880-1889,1884,NA,NT
1880-1889,1885,NA,NT
1880-1889,1886,NA,NT
1880-1889,1887,NA,NT
1880-1889,1888,NA,NT
1880-1889,1889,NA,NT
1880-1889,1880,NA,BISLEY
1880-1889,1881,NA,BISLEY
1880-1889,1882,NA,BISLEY
1880-1889,1883,NA,BISLEY
1880-1889,1884,NA,BISLEY
1880-1889,1885,NA,BISLEY
1880-1889,1886,NA,BISLEY
1880-1889,1887,NA,BISLEY
1880-1889,1888,NA,BISLEY
1880-1889,1889,NA,BISLEY
1890-1899,1890,NA,NSW
1890-1899,1891,W Bradford,NSW
1890-1899,1892,J Hawker,NSW
1890-1899,1893,A Nelson,NSW
1890-1899,1894,A Brooks,NSW
1890-1899,1895,H Spencer,NSW
1890-1899,1896,A Keating,NSW
1890-1899,1897,G Lindsay,NSW
1890-1899,1898,J Draper,NSW
1890-1899,1899,NA,NSW
1890-1899,1890,J Eales,VIC
1890-1899,1891,T Kirt,VIC
1890-1899,1892,P Fargher,VIC
1890-1899,1893,A Monsborough,VIC
1890-1899,1894,C Umphelby,VIC
1890-1899,1895,E Saker,VIC
1890-1899,1896,E Walter,VIC
1890-1899,1897,E Saker,VIC
1890-1899,1898,A Carter,VIC
1890-1899,1899,C Prott,VIC
1890-1899,1890,H Reed,QLD
1890-1899,1891,T Gibb,QLD
1890-1899,1892,H Elliott,QLD
1890-1899,1893,G Bradley,QLD
1890-1899,1894,G Bradley,QLD
1890-1899,1895,T Grimes,QLD
1890-1899,1896,C Green,QLD
1890-1899,1897,A Ferguson,QLD
1890-1899,1898,G Bradley,QLD
1890-1899,1899,G Shaw,QLD
1890-1899,1890,R Easther,TAS
1890-1899,1891,Sgt Gurr,TAS
1890-1899,1892,Cpl Staveley,TAS
1890-1899,1893,Sgt Gurr,TAS
1890-1899,1894,C Prott,TAS
1890-1899,1895,J Gatty,TAS
1890-1899,1896,W Bain,TAS
1890-1899,1897,W Bain,TAS
1890-1899,1898,A Sharland,TAS
1890-1899,1899,A Sharland,TAS
1890-1899,1890,Sgt W Arnold,SA
1890-1899,1891,Sgt Hollingsworth,SA
1890-1899,1892,Lt Esselbach,SA
1890-1899,1893,Cir Sgt Seaman,SA
1890-1899,1894,E Marsson,SA
1890-1899,1895,Sgt C Mann,SA
1890-1899,1896,Lt Sampson,SA
1890-1899,1897,Cpl Bradley,SA
1890-1899,1898,Bbdr Carter,SA
1890-1899,1899,JT Lake,SA
1890-1899,1890,NA,WA
1890-1899,1891,NA,WA
1890-1899,1892,NA,WA
1890-1899,1893,NA,WA
1890-1899,1894,NA,WA
1890-1899,1895,NA,WA
1890-1899,1896,NA,WA
1890-1899,1897,NA,WA
1890-1899,1898,NA,WA
1890-1899,1899,NA,WA
1890-1899,1890,NA,NQ
1890-1899,1891,NA,NQ
1890-1899,1892,NA,NQ
1890-1899,1893,NA,NQ
1890-1899,1894,NA,NQ
1890-1899,1895,NA,NQ
1890-1899,1896,NA,NQ
1890-1899,1897,NA,NQ
1890-1899,1898,NA,NQ
1890-1899,1899,NA,NQ
1890-1899,1890,NA,NT
1890-1899,1891,NA,NT
1890-1899,1892,NA,NT
1890-1899,1893,NA,NT
1890-1899,1894,NA,NT
1890-1899,1895,NA,NT
1890-1899,1896,NA,NT
1890-1899,1897,NA,NT
1890-1899,1898,NA,NT
1890-1899,1899,NA,NT
1890-1899,1890,NA,BISLEY
1890-1899,1891,NA,BISLEY
1890-1899,1892,NA,BISLEY
1890-1899,1893,NA,BISLEY
1890-1899,1894,NA,BISLEY
1890-1899,1895,NA,BISLEY
1890-1899,1896,NA,BISLEY
1890-1899,1897,NA,BISLEY
1890-1899,1898,NA,BISLEY
1890-1899,1899,NA,BISLEY
1900-1909,1900,Mathison,NSW
1900-1909,1901,J Lake,NSW
1900-1909,1902,J Lake,NSW
1900-1909,1903,W Soden,NSW
1900-1909,1904,W Cutler,NSW
1900-1909,1905,H Motton,NSW
1900-1909,1906,W Keyte,NSW
1900-1909,1907,W Cutler,NSW
1900-1909,1908,S Edwards,NSW
1900-1909,1909,T Roberts,NSW
1900-1909,1900,A Carter,VIC
1900-1909,1901,H Quinn,VIC
1900-1909,1902,R Burr,VIC
1900-1909,1903,A Cutler,VIC
1900-1909,1904,J Trigg,VIC
1900-1909,1905,A Moodie,VIC
1900-1909,1906,J Hudson,VIC
1900-1909,1907,WOJ Raven,VIC
1900-1909,1908,S Edwards,VIC
1900-1909,1909,J Williamson,VIC
1900-1909,1900,G Shaw,QLD
1900-1909,1901,J Gatty,QLD
1900-1909,1902,R Wallace,QLD
1900-1909,1903,P Thorn,QLD
1900-1909,1904,G Bradley,QLD
1900-1909,1905,G Bradley,QLD
1900-1909,1906,G French,QLD
1900-1909,1907,D Condon,QLD
1900-1909,1908,S Edwards,QLD
1900-1909,1909,A Cutler,QLD
1900-1909,1900,A Sharland,TAS
1900-1909,1901,W Johnson,TAS
1900-1909,1902,Newgreen,TAS
1900-1909,1903,R Whittington,TAS
1900-1909,1904,NA,TAS
1900-1909,1905,NA,TAS
1900-1909,1906,R Whittington,TAS
1900-1909,1907,L.Cpl Fulton,TAS
1900-1909,1908,A Grant,TAS
1900-1909,1909,W Pilbeam,TAS
1900-1909,1900,JT Lake,SA
1900-1909,1901,Sgt TW Harley,SA
1900-1909,1902,G Howitt,SA
1900-1909,1903,W Addison,SA
1900-1909,1904,Rev CE Doudney,SA
1900-1909,1905,W Addison,SA
1900-1909,1906,HR Steinhardt,SA
1900-1909,1907,J Williams,SA
1900-1909,1908,HR Rutter,SA
1900-1909,1909,RH Hall,SA
1900-1909,1900,NA,WA
1900-1909,1901,NA,WA
1900-1909,1902,NA,WA
1900-1909,1903,NA,WA
1900-1909,1904,NA,WA
1900-1909,1905,NA,WA
1900-1909,1906,NA,WA
1900-1909,1907,NA,WA
1900-1909,1908,NA,WA
1900-1909,1909,NA,WA
1900-1909,1900,NA,NQ
1900-1909,1901,NA,NQ
1900-1909,1902,NA,NQ
1900-1909,1903,NA,NQ
1900-1909,1904,NA,NQ
1900-1909,1905,NA,NQ
1900-1909,1906,NA,NQ
1900-1909,1907,NA,NQ
1900-1909,1908,NA,NQ
1900-1909,1909,NA,NQ
1900-1909,1900,NA,NT
1900-1909,1901,NA,NT
1900-1909,1902,NA,NT
1900-1909,1903,NA,NT
1900-1909,1904,NA,NT
1900-1909,1905,NA,NT
1900-1909,1906,NA,NT
1900-1909,1907,NA,NT
1900-1909,1908,NA,NT
1900-1909,1909,NA,NT
1900-1909,1900,NA,BISLEY
1900-1909,1901,NA,BISLEY
1900-1909,1902,NA,BISLEY
1900-1909,1903,NA,BISLEY
1900-1909,1904,NA,BISLEY
1900-1909,1905,NA,BISLEY
1900-1909,1906,NA,BISLEY
1900-1909,1907,W Addison,BISLEY
1900-1909,1908,NA,BISLEY
1900-1909,1909,NA,BISLEY
1910-1919,1910,C Morris,NSW
1910-1919,1911,H Motton,NSW
1910-1919,1912,R Richards,NSW
1910-1919,1913,D McAlister,NSW
1910-1919,1914,NA,NSW
1910-1919,1915,NA,NSW
1910-1919,1916,NA,NSW
1910-1919,1917,NA,NSW
1910-1919,1918,NA,NSW
1910-1919,1919,C Williams,NSW
1910-1919,1910,F Christian,VIC
1910-1919,1911,W Hutchins,VIC
1910-1919,1912,P Thurlow,VIC
1910-1919,1913,A Halliday,VIC
1910-1919,1914,NA,VIC
1910-1919,1915,NA,VIC
1910-1919,1916,NA,VIC
1910-1919,1917,NA,VIC
1910-1919,1918,NA,VIC
1910-1919,1919,NA,VIC
1910-1919,1910,G Fisher,QLD
1910-1919,1911,R Ubank,QLD
1910-1919,1912,W Moulday,QLD
1910-1919,1913,L Hubbard,QLD
1910-1919,1914,NA,QLD
1910-1919,1915,NA,QLD
1910-1919,1916,NA,QLD
1910-1919,1917,NA,QLD
1910-1919,1918,NA,QLD
1910-1919,1919,NA,QLD
1910-1919,1910,J McElwee,TAS
1910-1919,1911,C Williams,TAS
1910-1919,1912,H Goy,TAS
1910-1919,1913,J McNamara,TAS
1910-1919,1914,NA,TAS
1910-1919,1915,NA,TAS
1910-1919,1916,NA,TAS
1910-1919,1917,NA,TAS
1910-1919,1918,NA,TAS
1910-1919,1919,W Taylor,TAS
1910-1919,1910,H Knight,SA
1910-1919,1911,H Pascoe,SA
1910-1919,1912,W Addison,SA
1910-1919,1913,B McAllister,SA
1910-1919,1914,NA,SA
1910-1919,1915,NA,SA
1910-1919,1916,NA,SA
1910-1919,1917,NA,SA
1910-1919,1918,NA,SA
1910-1919,1919,NA,SA
1910-1919,1910,W Garritty,WA
1910-1919,1911,R Edmonds,WA
1910-1919,1912,R Wallace,WA
1910-1919,1913,D Jones,WA
1910-1919,1914,NA,WA
1910-1919,1915,NA,WA
1910-1919,1916,NA,WA
1910-1919,1917,NA,WA
1910-1919,1918,NA,WA
1910-1919,1919,NA,WA
1910-1919,1910,NA,NQ
1910-1919,1911,W Carroll,NQ
1910-1919,1912,H Motton,NQ
1910-1919,1913,V Lalor,NQ
1910-1919,1914,F Currie,NQ
1910-1919,1915,NA,NQ
1910-1919,1916,NA,NQ
1910-1919,1917,NA,NQ
1910-1919,1918,NA,NQ
1910-1919,1919,NA,NQ
1910-1919,1910,NA,NT
1910-1919,1911,NA,NT
1910-1919,1912,NA,NT
1910-1919,1913,NA,NT
1910-1919,1914,NA,NT
1910-1919,1915,NA,NT
1910-1919,1916,NA,NT
1910-1919,1917,NA,NT
1910-1919,1918,NA,NT
1910-1919,1919,NA,NT
1910-1919,1910,NA,BISLEY
1910-1919,1911,NA,BISLEY
1910-1919,1912,NA,BISLEY
1910-1919,1913,NA,BISLEY
1910-1919,1914,NA,BISLEY
1910-1919,1915,NA,BISLEY
1910-1919,1916,NA,BISLEY
1910-1919,1917,NA,BISLEY
1910-1919,1918,NA,BISLEY
1910-1919,1919,NA,BISLEY
1920-1929,1920,J Face,NSW
1920-1929,1921,C Williams,NSW
1920-1929,1922,F Smith,NSW
1920-1929,1923,S Watson,NSW
1920-1929,1924,C Elsley,NSW
1920-1929,1925,H Jones,NSW
1920-1929,1926,O Stanton,NSW
1920-1929,1927,R Gunn,NSW
1920-1929,1928,F Harrison,NSW
1920-1929,1929,F Nelson,NSW
1920-1929,1920,G Godkin,VIC
1920-1929,1921,W Kyete,VIC
1920-1929,1922,NA,VIC
1920-1929,1923,W Cutler,VIC
1920-1929,1924,W Kyete,VIC
1920-1929,1925,HM Natt,VIC
1920-1929,1926,H Kershaw,VIC
1920-1929,1927,W Green,VIC
1920-1929,1928,S Watson,VIC
1920-1929,1929,G Mayhew,VIC
1920-1929,1920,J Cadden,QLD
1920-1929,1921,W Roberts,QLD
1920-1929,1922,J Cadden,QLD
1920-1929,1923,F Arvier,QLD
1920-1929,1924,H Battishall,QLD
1920-1929,1925,H Mason,QLD
1920-1929,1926,J Clancy,QLD
1920-1929,1927,C Armstrong,QLD
1920-1929,1928,G Zillman,QLD
1920-1929,1929,N Woodyatt,QLD
1920-1929,1920,W Taylor,TAS
1920-1929,1921,E Jones,TAS
1920-1929,1922,E Goucher,TAS
1920-1929,1923,E Goucher,TAS
1920-1929,1924,W Cutler,TAS
1920-1929,1925,R Calvert,TAS
1920-1929,1926,O Ford,TAS
1920-1929,1927,E Latham,TAS
1920-1929,1928,C Rodman,TAS
1920-1929,1929,C Upton,TAS
1920-1929,1920,S Edwards,SA
1920-1929,1921,T Roberts,SA
1920-1929,1922,T Roberts,SA
1920-1929,1923,W Harris,SA
1920-1929,1924,J Williams,SA
1920-1929,1925,HM Natt,SA
1920-1929,1926,E Gare,SA
1920-1929,1927,R Dewar,SA
1920-1929,1928,HM Natt,SA
1920-1929,1929,W Thompson,SA
1920-1929,1920,A Suraski,WA
1920-1929,1921,R Adams,WA
1920-1929,1922,S Jackson,WA
1920-1929,1923,R Clarke,WA
1920-1929,1924,D Macdonald,WA
1920-1929,1925,R Halliday,WA
1920-1929,1926,E Gare,WA
1920-1929,1927,W Garritty,WA
1920-1929,1928,L Hill,WA
1920-1929,1929,W Hackfath,WA
1920-1929,1920,P Matthews,NQ
1920-1929,1921,J Castres,NQ
1920-1929,1922,NA,NQ
1920-1929,1923,R Kincade,NQ
1920-1929,1924,C Munroe,NQ
1920-1929,1925,N McIntyre,NQ
1920-1929,1926,K Gordon,NQ
1920-1929,1927,G Zillman,NQ
1920-1929,1928,J Castres,NQ
1920-1929,1929,F Bode,NQ
1920-1929,1920,NA,NT
1920-1929,1921,NA,NT
1920-1929,1922,NA,NT
1920-1929,1923,NA,NT
1920-1929,1924,NA,NT
1920-1929,1925,NA,NT
1920-1929,1926,NA,NT
1920-1929,1927,NA,NT
1920-1929,1928,NA,NT
1920-1929,1929,NA,NT
1920-1929,1920,NA,BISLEY
1920-1929,1921,NA,BISLEY
1920-1929,1922,NA,BISLEY
1920-1929,1923,NA,BISLEY
1920-1929,1924,NA,BISLEY
1920-1929,1925,NA,BISLEY
1920-1929,1926,NA,BISLEY
1920-1929,1927,NA,BISLEY
1920-1929,1928,NA,BISLEY
1920-1929,1929,NA,BISLEY
1930-1939,1930,R Gunn,NSW
1930-1939,1931,P Pavey,NSW
1930-1939,1932,L Smith,NSW
1930-1939,1933,J Feltham,NSW
1930-1939,1934,F Agate,NSW
1930-1939,1935,T Ashton,NSW
1930-1939,1936,W Draper,NSW
1930-1939,1937,V Buttsworth,NSW
1930-1939,1938,P Lee,NSW
1930-1939,1939,NA,NSW
1930-1939,1930,P Pavey,VIC
1930-1939,1931,L Barrad,VIC
1930-1939,1932,P Pavey,VIC
1930-1939,1933,J Searis,VIC
1930-1939,1934,H Johnson,VIC
1930-1939,1935,P Pavey,VIC
1930-1939,1936,P Lee,VIC
1930-1939,1937,C Armstrong,VIC
1930-1939,1938,C Forrester,VIC
1930-1939,1939,H James,VIC
1930-1939,1930,P Pavey,QLD
1930-1939,1931,E Virgin,QLD
1930-1939,1932,D Macdonald,QLD
1930-1939,1933,C Armstrong,QLD
1930-1939,1934,H Pinkerton,QLD
1930-1939,1935,O Boyd,QLD
1930-1939,1936,P Lee,QLD
1930-1939,1937,W Harris,QLD
1930-1939,1938,C Armstrong,QLD
1930-1939,1939,P Pavey,QLD
1930-1939,1930,NA,TAS
1930-1939,1931,A Faulkner,TAS
1930-1939,1932,R Exton,TAS
1930-1939,1933,P Gillies,TAS
1930-1939,1934,P Gillies,TAS
1930-1939,1935,G Chisolm,TAS
1930-1939,1936,E Dean,TAS
1930-1939,1937,H McElwee,TAS
1930-1939,1938,P Pavey,TAS
1930-1939,1939,NA,TAS
1930-1939,1930,D Davies,SA
1930-1939,1931,H Bain,SA
1930-1939,1932,HM Natt,SA
1930-1939,1933,A Bain,SA
1930-1939,1934,D Hancock,SA
1930-1939,1935,R Robertson,SA
1930-1939,1936,C Armstrong,SA
1930-1939,1937,G Nutt,SA
1930-1939,1938,P Pavey,SA
1930-1939,1939,NA,SA
1930-1939,1930,W Schlam,WA
1930-1939,1931,E Keay,WA
1930-1939,1932,R Gratte,WA
1930-1939,1933,E Gare,WA
1930-1939,1934,W Mellows,WA
1930-1939,1935,R Larsen,WA
1930-1939,1936,P Lee,WA
1930-1939,1937,C Gawned,WA
1930-1939,1938,H Vague,WA
1930-1939,1939,NA,WA
1930-1939,1930,J Castres,NQ
1930-1939,1931,T Whitchurch,NQ
1930-1939,1932,H George,NQ
1930-1939,1933,P Matthews,NQ
1930-1939,1934,J Power,NQ
1930-1939,1935,F Zemek,NQ
1930-1939,1936,P Matthews,NQ
1930-1939,1937,C McClymont,NQ
1930-1939,1938,C McClymont,NQ
1930-1939,1939,C McClymont,NQ
1930-1939,1930,NA,NT
1930-1939,1931,NA,NT
1930-1939,1932,NA,NT
1930-1939,1933,NA,NT
1930-1939,1934,NA,NT
1930-1939,1935,NA,NT
1930-1939,1936,NA,NT
1930-1939,1937,NA,NT
1930-1939,1938,NA,NT
1930-1939,1939,NA,NT
1930-1939,1930,NA,BISLEY
1930-1939,1931,NA,BISLEY
1930-1939,1932,NA,BISLEY
1930-1939,1933,NA,BISLEY
1930-1939,1934,NA,BISLEY
1930-1939,1935,NA,BISLEY
1930-1939,1936,NA,BISLEY
1930-1939,1937,NA,BISLEY
1930-1939,1938,NA,BISLEY
1930-1939,1939,NA,BISLEY
1940-1949,1940,NA,NSW
1940-1949,1941,NA,NSW
1940-1949,1942,NA,NSW
1940-1949,1943,NA,NSW
1940-1949,1944,NA,NSW
1940-1949,1945,NA,NSW
1940-1949,1946,NA,NSW
1940-1949,1947,NA,NSW
1940-1949,1948,C Campbell,NSW
1940-1949,1949,W Oakley,NSW
1940-1949,1940,NA,VIC
1940-1949,1941,NA,VIC
1940-1949,1942,NA,VIC
1940-1949,1943,NA,VIC
1940-1949,1944,NA,VIC
1940-1949,1945,NA,VIC
1940-1949,1946,NA,VIC
1940-1949,1947,NA,VIC
1940-1949,1948,D Shepherd,VIC
1940-1949,1949,G Letts,VIC
1940-1949,1940,NA,QLD
1940-1949,1941,NA,QLD
1940-1949,1942,NA,QLD
1940-1949,1943,NA,QLD
1940-1949,1944,NA,QLD
1940-1949,1945,NA,QLD
1940-1949,1946,NA,QLD
1940-1949,1947,NA,QLD
1940-1949,1948,G Grummitt,QLD
1940-1949,1949,J Feltham,QLD
1940-1949,1940,NA,TAS
1940-1949,1941,NA,TAS
1940-1949,1942,NA,TAS
1940-1949,1943,NA,TAS
1940-1949,1944,NA,TAS
1940-1949,1945,NA,TAS
1940-1949,1946,NA,TAS
1940-1949,1947,NA,TAS
1940-1949,1948,E Dean,TAS
1940-1949,1949,A Boyes,TAS
1940-1949,1940,NA,SA
1940-1949,1941,NA,SA
1940-1949,1942,NA,SA
1940-1949,1943,NA,SA
1940-1949,1944,NA,SA
1940-1949,1945,NA,SA
1940-1949,1946,NA,SA
1940-1949,1947,NA,SA
1940-1949,1948,EE Koster,SA
1940-1949,1949,J Faroe,SA
1940-1949,1940,NA,WA
1940-1949,1941,NA,WA
1940-1949,1942,NA,WA
1940-1949,1943,NA,WA
1940-1949,1944,NA,WA
1940-1949,1945,NA,WA
1940-1949,1946,NA,WA
1940-1949,1947,NA,WA
1940-1949,1948,W Mellows,WA
1940-1949,1949,W Henderson,WA
1940-1949,1940,NA,NQ
1940-1949,1941,NA,NQ
1940-1949,1942,NA,NQ
1940-1949,1943,NA,NQ
1940-1949,1944,NA,NQ
1940-1949,1945,NA,NQ
1940-1949,1946,NA,NQ
1940-1949,1947,NA,NQ
1940-1949,1948,A Kidd,NQ
1940-1949,1949,W Walker,NQ
1940-1949,1940,NA,NT
1940-1949,1941,NA,NT
1940-1949,1942,NA,NT
1940-1949,1943,NA,NT
1940-1949,1944,NA,NT
1940-1949,1945,NA,NT
1940-1949,1946,NA,NT
1940-1949,1947,NA,NT
1940-1949,1948,NA,NT
1940-1949,1949,NA,NT
1940-1949,1940,NA,BISLEY
1940-1949,1941,NA,BISLEY
1940-1949,1942,NA,BISLEY
1940-1949,1943,NA,BISLEY
1940-1949,1944,NA,BISLEY
1940-1949,1945,NA,BISLEY
1940-1949,1946,NA,BISLEY
1940-1949,1947,NA,BISLEY
1940-1949,1948,P Pavey,BISLEY
1940-1949,1949,NA,BISLEY
1950-1959,1950,Reg Parker,NSW
1950-1959,1951,H James,NSW
1950-1959,1952,P Pavey,NSW
1950-1959,1953,K Lee,NSW
1950-1959,1954,J Feltham,NSW
1950-1959,1955,L Hair,NSW
1950-1959,1956,D Williams,NSW
1950-1959,1957,D Shepherd,NSW
1950-1959,1958,J Picton,NSW
1950-1959,1959,O Pattinson,NSW
1950-1959,1950,A Schroeder,VIC
1950-1959,1951,T Stephens,VIC
1950-1959,1952,Reg Parker,VIC
1950-1959,1953,L Dove,VIC
1950-1959,1954,D Cadden,VIC
1950-1959,1955,L Dove,VIC
1950-1959,1956,A Perrin,VIC
1950-1959,1957,D McKenzie,VIC
1950-1959,1958,P Pavey,VIC
1950-1959,1959,P Pavey,VIC
1950-1959,1950,P Pavey,QLD
1950-1959,1951,A Duncan,QLD
1950-1959,1952,L Morris,QLD
1950-1959,1953,V Barnier,QLD
1950-1959,1954,L Morris,QLD
1950-1959,1955,N McLennan,QLD
1950-1959,1956,A James,QLD
1950-1959,1957,L Dove,QLD
1950-1959,1958,A James,QLD
1950-1959,1959,W Smith,QLD
1950-1959,1950,E Dean,TAS
1950-1959,1951,H Grimsay,TAS
1950-1959,1952,S Haynes,TAS
1950-1959,1953,T Griffiths,TAS
1950-1959,1954,L Hair,TAS
1950-1959,1955,E Thompson,TAS
1950-1959,1956,P Pavey,TAS
1950-1959,1957,K Gilham,TAS
1950-1959,1958,C Bell,TAS
1950-1959,1959,V Wilcox,TAS
1950-1959,1950,VC Stein,SA
1950-1959,1951,HM Natt,SA
1950-1959,1952,Lt-Col TC Williamson,SA
1950-1959,1953,LW Lock,SA
1950-1959,1954,VC Stein,SA
1950-1959,1955,P Pavey,SA
1950-1959,1956,LW Lock,SA
1950-1959,1957,J Sweet,SA
1950-1959,1958,LW Lock,SA
1950-1959,1959,LW Lock,SA
1950-1959,1950,M Nenghini,WA
1950-1959,1951,A Francis,WA
1950-1959,1952,S Heffernan,WA
1950-1959,1953,S McAskill,WA
1950-1959,1954,T Stokes,WA
1950-1959,1955,N Blurton,WA
1950-1959,1956,W Mellows,WA
1950-1959,1957,R Cochrane,WA
1950-1959,1958,C Collyer,WA
1950-1959,1959,K Richards,WA
1950-1959,1950,A Kidd,NQ
1950-1959,1951,A Duncan,NQ
1950-1959,1952,R Fisher,NQ
1950-1959,1953,N McLennan,NQ
1950-1959,1954,H Ryder,NQ
1950-1959,1955,G Perrin,NQ
1950-1959,1956,G Abel,NQ
1950-1959,1957,G Perrin,NQ
1950-1959,1958,J Drever,NQ
1950-1959,1959,G Perrin,NQ
1950-1959,1950,NA,NT
1950-1959,1951,NA,NT
1950-1959,1952,NA,NT
1950-1959,1953,NA,NT
1950-1959,1954,NA,NT
1950-1959,1955,NA,NT
1950-1959,1956,NA,NT
1950-1959,1957,NA,NT
1950-1959,1958,NA,NT
1950-1959,1959,NA,NT
1950-1959,1950,NA,BISLEY
1950-1959,1951,NA,BISLEY
1950-1959,1952,NA,BISLEY
1950-1959,1953,NA,BISLEY
1950-1959,1954,NA,BISLEY
1950-1959,1955,NA,BISLEY
1950-1959,1956,NA,BISLEY
1950-1959,1957,NA,BISLEY
1950-1959,1958,NA,BISLEY
1950-1959,1959,NA,BISLEY
1960-1969,1960,J Kirkwood,NSW
1960-1969,1961,D Watson,NSW
1960-1969,1962,F Duncan,NSW
1960-1969,1963,R Dean,NSW
1960-1969,1964,N Irving,NSW
1960-1969,1965,D Gibbs,NSW
1960-1969,1966,J Carman,NSW
1960-1969,1967,F Duncan,NSW
1960-1969,1968,K Kennedy,NSW
1960-1969,1969,T Carter,NSW
1960-1969,1960,J Simpson,VIC
1960-1969,1961,L Hair,VIC
1960-1969,1962,G Natt,VIC
1960-1969,1963,J Kirkwood,VIC
1960-1969,1964,J Enderlin,VIC
1960-1969,1965,D Hirth,VIC
1960-1969,1966,R Wasley,VIC
1960-1969,1967,J Alley,VIC
1960-1969,1968,P Hallett,VIC
1960-1969,1969,N Helmore,VIC
1960-1969,1960,A James,QLD
1960-1969,1961,D Williams,QLD
1960-1969,1962,C Moss,QLD
1960-1969,1963,P Gartner,QLD
1960-1969,1964,A Burling,QLD
1960-1969,1965,W Hogarth,QLD
1960-1969,1966,J Carman,QLD
1960-1969,1967,NA,QLD
1960-1969,1968,L Scott,QLD
1960-1969,1969,W Smith,QLD
1960-1969,1960,R Laing,TAS
1960-1969,1961,E Harvey,TAS
1960-1969,1962,E Thompson,TAS
1960-1969,1963,B Johnston,TAS
1960-1969,1964,B Johnston,TAS
1960-1969,1965,M Friend,TAS
1960-1969,1966,J Bartlett,TAS
1960-1969,1967,D Bottle,TAS
1960-1969,1968,R Braithwaite,TAS
1960-1969,1969,B Johnston,TAS
1960-1969,1960,LW Lock,SA
1960-1969,1961,ML Friend,SA
1960-1969,1962,ML Friend,SA
1960-1969,1963,AL Hobbs,SA
1960-1969,1964,LJ Ward,SA
1960-1969,1965,LJ McInerney,SA
1960-1969,1966,AL Hobbs,SA
1960-1969,1967,ML Friend,SA
1960-1969,1968,KM Hunt,SA
1960-1969,1969,J Kirkwood,SA
1960-1969,1960,W Mellows,WA
1960-1969,1961,M Herbert,WA
1960-1969,1962,D Gibbs,WA
1960-1969,1963,N Milligan,WA
1960-1969,1964,C Ellis,WA
1960-1969,1965,T Stokes,WA
1960-1969,1966,C McColl,WA
1960-1969,1967,T Gilmore,WA
1960-1969,1968,J E Moore,WA
1960-1969,1969,S Connell,WA
1960-1969,1960,A James,NQ
1960-1969,1961,D Williams,NQ
1960-1969,1962,C Moss,NQ
1960-1969,1963,P Gartner,NQ
1960-1969,1964,A Burling,NQ
1960-1969,1965,W Hogarth,NQ
1960-1969,1966,J Carman,NQ
1960-1969,1967,NA,NQ
1960-1969,1968,L Scott,NQ
1960-1969,1969,W Smith,NQ
1960-1969,1960,NA,NT
1960-1969,1961,NA,NT
1960-1969,1962,NA,NT
1960-1969,1963,NA,NT
1960-1969,1964,NA,NT
1960-1969,1965,NA,NT
1960-1969,1966,NA,NT
1960-1969,1967,NA,NT
1960-1969,1968,NA,NT
1960-1969,1969,NA,NT
1960-1969,1960,NA,BISLEY
1960-1969,1961,NA,BISLEY
1960-1969,1962,NA,BISLEY
1960-1969,1963,NA,BISLEY
1960-1969,1964,NA,BISLEY
1960-1969,1965,NA,BISLEY
1960-1969,1966,NA,BISLEY
1960-1969,1967,NA,BISLEY
1960-1969,1968,NA,BISLEY
1960-1969,1969,NA,BISLEY
1970-1979,1970,G Okeeffe,NSW
1970-1979,1971,G Hahn,NSW
1970-1979,1972,NA,NSW
1970-1979,1973,J Pemberton,NSW
1970-1979,1974,J Killian,NSW
1970-1979,1975,J Percival,NSW
1970-1979,1976,B Doohan,NSW
1970-1979,1977,B Doohan,NSW
1970-1979,1978,G Hahn,NSW
1970-1979,1979,A Powell,NSW
1970-1979,1970,G Hahn,VIC
1970-1979,1971,G Berman,VIC
1970-1979,1972,B Wright,VIC
1970-1979,1973,P Hallett,VIC
1970-1979,1974,W Mitchell,VIC
1970-1979,1975,D Arnold,VIC
1970-1979,1976,G Berman,VIC
1970-1979,1977,S Golinski,VIC
1970-1979,1978,D Hirth,VIC
1970-1979,1979,S Dunstall,VIC
1970-1979,1970,D Cadden,QLD
1970-1979,1971,G Male,QLD
1970-1979,1972,R Hinkler,QLD
1970-1979,1973,W Smith,QLD
1970-1979,1974,A Burling,QLD
1970-1979,1975,L Felton,QLD
1970-1979,1976,M Hobbs,QLD
1970-1979,1977,G Kerr,QLD
1970-1979,1978,C Thiedeke,QLD
1970-1979,1979,H Griffiths,QLD
1970-1979,1970,M Dow,TAS
1970-1979,1971,E Thompson,TAS
1970-1979,1972,L McInerney,TAS
1970-1979,1973,J Reilly,TAS
1970-1979,1974,G Ayling,TAS
1970-1979,1975,T Moore,TAS
1970-1979,1976,G Ayling,TAS
1970-1979,1977,A Powell,TAS
1970-1979,1978,G Ayling,TAS
1970-1979,1979,G Ayling,TAS
1970-1979,1970,B Doohan,SA
1970-1979,1971,ML Friend,SA
1970-1979,1972,AD Alaway,SA
1970-1979,1973,A Obersby,SA
1970-1979,1974,E Thompson,SA
1970-1979,1975,G Kerr,SA
1970-1979,1976,J McDermott,SA
1970-1979,1977,S Dunstall,SA
1970-1979,1978,JA Bartlett,SA
1970-1979,1979,A Powell,SA
1970-1979,1970,R Herbert,WA
1970-1979,1971,S Hayes,WA
1970-1979,1972,H Standring,WA
1970-1979,1973,P Smeets,WA
1970-1979,1974,L Felton,WA
1970-1979,1975,L Davidson,WA
1970-1979,1976,J Sweet,WA
1970-1979,1977,S Connell,WA
1970-1979,1978,D Marsden,WA
1970-1979,1979,B Sheppard,WA
1970-1979,1970,E Townson,NQ
1970-1979,1971,J Dodds,NQ
1970-1979,1972,J Long,NQ
1970-1979,1973,K McLachlan,NQ
1970-1979,1974,L Neilsen,NQ
1970-1979,1975,W Smith,NQ
1970-1979,1976,R Stewart,NQ
1970-1979,1977,A Powell,NQ
1970-1979,1978,G Ayling,NQ
1970-1979,1979,W Smith,NQ
1970-1979,1970,NA,NAT
1970-1979,1971,NA,NAT
1970-1979,1972,R Richards-Mousley,NAT
1970-1979,1973,J Sweet,NAT
1970-1979,1974,LJ McInerney,NAT
1970-1979,1975,KN Sadler,NAT
1970-1979,1976,W Angel,NAT
1970-1979,1977,P Hallett,NAT
1970-1979,1978,G Ayling,NAT
1970-1979,1979,S Golinski,NAT
1970-1979,1970,NA,NT
1970-1979,1971,NA,NT
1970-1979,1972,NA,NT
1970-1979,1973,NA,NT
1970-1979,1974,NA,NT
1970-1979,1975,NA,NT
1970-1979,1976,NA,NT
1970-1979,1977,NA,NT
1970-1979,1978,NA,NT
1970-1979,1979,NA,NT
1970-1979,1970,NA,BISLEY
1970-1979,1971,NA,BISLEY
1970-1979,1972,NA,BISLEY
1970-1979,1973,NA,BISLEY
1970-1979,1974,NA,BISLEY
1970-1979,1975,NA,BISLEY
1970-1979,1976,NA,BISLEY
1970-1979,1977,NA,BISLEY
1970-1979,1978,R Graham,BISLEY
1970-1979,1979,NA,BISLEY
1980-89,1980,S Golinski,NSW
1980-89,1981,A Wright,NSW
1980-89,1982,P Robinson,NSW
1980-89,1983,B Bowden,NSW
1980-89,1984,I Griffiths,NSW
1980-89,1985,B Doohan,NSW
1980-89,1986,G Kerr,NSW
1980-89,1987,M Buchanan,NSW
1980-89,1988,J Dodson,NSW
1980-89,1989,R Rush,NSW
1980-89,1980,R Wade,VIC
1980-89,1981,P Robinson,VIC
1980-89,1982,J Brooker,VIC
1980-89,1983,G Ayling,VIC
1980-89,1984,P Bain,VIC
1980-89,1985,O Pattinson,VIC
1980-89,1986,J Johnston,VIC
1980-89,1987,L Neilsen,VIC
1980-89,1988,G Ayling,VIC
1980-89,1989,D Campbell,VIC
1980-89,1980,M Hobbs,QLD
1980-89,1981,G Ayling,QLD
1980-89,1982,B Bowden,QLD
1980-89,1983,J Reilly,QLD
1980-89,1984,S Golinski,QLD
1980-89,1985,G Kerr,QLD
1980-89,1986,R Rowlands,QLD
1980-89,1987,J Alexander,QLD
1980-89,1988,J Jacobs,QLD
1980-89,1989,K Golder,QLD
1980-89,1980,P Robinson,TAS
1980-89,1981,G Ayling,TAS
1980-89,1982,G Hahn,TAS
1980-89,1983,P Robinson,TAS
1980-89,1984,L Hawkins,TAS
1980-89,1985,R Negus,TAS
1980-89,1986,S Birrell,TAS
1980-89,1987,NA,TAS
1980-89,1988,W Heald,TAS
1980-89,1989,B Martin,TAS
1980-89,1980,A Powell,SA
1980-89,1981,W Freebairn,SA
1980-89,1982,G Harrison,SA
1980-89,1983,P Phillips,SA
1980-89,1984,C Thiedeke,SA
1980-89,1985,E Thompson,SA
1980-89,1986,J Wood,SA
1980-89,1987,P Robinson,SA
1980-89,1988,A Powell,SA
1980-89,1989,H Vreekamp,SA
1980-89,1980,D Marsden,WA
1980-89,1981,B Sheppard,WA
1980-89,1982,B Schlam,WA
1980-89,1983,L Fossilo,WA
1980-89,1984,C Walldrodt,WA
1980-89,1985,G Kerr,WA
1980-89,1986,R Scoones,WA
1980-89,1987,A Powell,WA
1980-89,1988,G Ayling,WA
1980-89,1989,D Campbell,WA
1980-89,1980,K McLachlan,NQ
1980-89,1981,G Hahn,NQ
1980-89,1982,C Condon,NQ
1980-89,1983,G Kerr,NQ
1980-89,1984,J Johnstone,NQ
1980-89,1985,G Kerr,NQ
1980-89,1986,G Kerr,NQ
1980-89,1987,L Neilsen,NQ
1980-89,1988,N Crawshaw,NQ
1980-89,1989,L Neilsen,NQ
1980-89,1980,R Negus,NAT
1980-89,1981,R Spillman,NAT
1980-89,1982,R Swindle,NAT
1980-89,1983,K Hills,NAT
1980-89,1984,R Courtney,NAT
1980-89,1985,J Corbett,NAT
1980-89,1986,S Golinski,NAT
1980-89,1987,G Crowe,NAT
1980-89,1988,Ron Parker,NAT
1980-89,1989,P Robinson,NAT
1980-89,1980,P Thompson,NT
1980-89,1981,NA,NT
1980-89,1982,P Hallett,NT
1980-89,1983,NA,NT
1980-89,1984,T Deed,NT
1980-89,1985,NA,NT
1980-89,1986,P Hallett,NT
1980-89,1987,NA,NT
1980-89,1988,D Campbell,NT
1980-89,1989,NA,NT
1980-89,1980,NA,BISLEY
1980-89,1981,G Ayling,BISLEY
1980-89,1982,NA,BISLEY
1980-89,1983,NA,BISLEY
1980-89,1984,NA,BISLEY
1980-89,1985,NA,BISLEY
1980-89,1986,NA,BISLEY
1980-89,1987,NA,BISLEY
1980-89,1988,NA,BISLEY
1980-89,1989,NA,BISLEY
1990-99,1990,J Brooker,NSW
1990-99,1991,C Wright,NSW
1990-99,1992,D Heald,NSW
1990-99,1993,R Rush,NSW
1990-99,1994,Miss W Hadfield,NSW
1990-99,1995,R Rush,NSW
1990-99,1996,P Schafferius,NSW
1990-99,1997,H Griffiths,NSW
1990-99,1998,M Buchanan,NSW
1990-99,1999,D Brinin,NSW
1990-99,1990,B Wood,VIC
1990-99,1991,G Grenfell,VIC
1990-99,1992,A Hobbs,VIC
1990-99,1993,A Powell,VIC
1990-99,1994,B Bowden,VIC
1990-99,1995,P Phillips,VIC
1990-99,1996,P Pearce,VIC
1990-99,1997,G Grenfell,VIC
1990-99,1998,J Ashton,VIC
1990-99,1999,J Davies,VIC
1990-99,1990,P Robinson,QLD
1990-99,1991,L La Tours,QLD
1990-99,1992,K Connor,QLD
1990-99,1993,I Cameron,QLD
1990-99,1994,T Moon,QLD
1990-99,1995,R Rush,QLD
1990-99,1996,P Schafferius,QLD
1990-99,1997,S Dunstall,QLD
1990-99,1998,R Rush,QLD
1990-99,1999,S Negus,QLD
1990-99,1990,P Robinson,TAS
1990-99,1991,J Wood,TAS
1990-99,1992,G Ayling,TAS
1990-99,1993,B Martin,TAS
1990-99,1994,B Martin,TAS
1990-99,1995,B Martin,TAS
1990-99,1996,A Halstead,TAS
1990-99,1997,G Grenfell,TAS
1990-99,1998,M Sweet,TAS
1990-99,1999,W Grenness,TAS
1990-99,1990,G Cavanagh,SA
1990-99,1991,K Dyason,SA
1990-99,1992,G Berman,SA
1990-99,1993,F.O Pinyon,SA
1990-99,1994,E Thompson,SA
1990-99,1995,A Powell,SA
1990-99,1996,B Martin,SA
1990-99,1997,P Pearce,SA
1990-99,1998,G Crowe,SA
1990-99,1999,G Berman,SA
1990-99,1990,P Gall,WA
1990-99,1991,D Campbell,WA
1990-99,1992,P Green,WA
1990-99,1993,G Hunter,WA
1990-99,1994,B Stubberfield,WA
1990-99,1995,L Horwood,WA
1990-99,1996,G Mann,WA
1990-99,1997,J Wagland,WA
1990-99,1998,E Thompson,WA
1990-99,1999,A Powell,WA
1990-99,1990,D Denman,NQ
1990-99,1991,T Moon,NQ
1990-99,1992,G Berman,NQ
1990-99,1993,J Schafferius,NQ
1990-99,1994,G Iszlaub,NQ
1990-99,1995,E Thompson,NQ
1990-99,1996,J Schafferius,NQ
1990-99,1997,H Griffiths,NQ
1990-99,1998,B Martin,NQ
1990-99,1999,H Griffiths,NQ
1990-99,1990,R Swindle,NAT
1990-99,1991,J Myles,NAT
1990-99,1992,D Matthews,NAT
1990-99,1993,T Moon,NAT
1990-99,1994,E Thompson,NAT
1990-99,1995,P Phillips,NAT
1990-99,1996,S Dunstall,NAT
1990-99,1997,S Dunstall,NAT
1990-99,1998,M Wood,NAT
1990-99,1999,J Corbett,NAT
1990-99,1990,G Ayling,NT
1990-99,1991,NA,NT
1990-99,1992,J Reither,NT
1990-99,1993,NA,NT
1990-99,1994,T Moon,NT
1990-99,1995,NA,NT
1990-99,1996,J Moore,NT
1990-99,1997,NA,NT
1990-99,1998,J Corbett,NT
1990-99,1999,NA,NT
1990-99,1990,NA,BISLEY
1990-99,1991,NA,BISLEY
1990-99,1992,NA,BISLEY
1990-99,1993,NA,BISLEY
1990-99,1994,NA,BISLEY
1990-99,1995,NA,BISLEY
1990-99,1996,NA,BISLEY
1990-99,1997,NA,BISLEY
1990-99,1998,NA,BISLEY
1990-99,1999,NA,BISLEY
2000-09,2000,S Dunstall,NSW
2000-09,2001,J Bailey,NSW
2000-09,2002,P Salamon,NSW
2000-09,2003,M Buchanan,NSW
2000-09,2004,J Corbett,NSW
2000-09,2005,M Buchanan,NSW
2000-09,2006,J Jeffery,NSW
2000-09,2007,M Thurtell,NSW
2000-09,2008,J Corbett,NSW
2000-09,2009,J Bailey,NSW
2000-09,2000,P Salamon,VIC
2000-09,2001,P Robinson,VIC
2000-09,2002,G Grenfell,VIC
2000-09,2003,J Corbett,VIC
2000-09,2004,P Salamon,VIC
2000-09,2005,J Corbett,VIC
2000-09,2006,G Grenfell,VIC
2000-09,2007,T Deed,VIC
2000-09,2008,Richard Jones,VIC
2000-09,2009,M Collings,VIC
2000-09,2000,K Lobwein,QLD
2000-09,2001,M Garcia,QLD
2000-09,2002,C Cole,QLD
2000-09,2003,R Rush,QLD
2000-09,2004,G Grenfell,QLD
2000-09,2005,J Corbett,QLD
2000-09,2006,C Cole,QLD
2000-09,2007,S Jacobs,QLD
2000-09,2008,M Buchanan,QLD
2000-09,2009,M Buchanan,QLD
2000-09,2000,J Corbett,TAS
2000-09,2001,W Grenness,TAS
2000-09,2002,R Pederson,TAS
2000-09,2003,P Salamon,TAS
2000-09,2004,M Wood,TAS
2000-09,2005,M Buchanan,TAS
2000-09,2006,J Blomfield,TAS
2000-09,2007,M Buchanan,TAS
2000-09,2008,J Corbett,TAS
2000-09,2009,J Corbett,TAS
2000-09,2000,S Dunstall,SA
2000-09,2001,Ray Jones,SA
2000-09,2002,E Thompson,SA
2000-09,2003,P Salamon,SA
2000-09,2004,R Pederson,SA
2000-09,2005,J Corbett,SA
2000-09,2006,B Bellchambers,SA
2000-09,2007,F.O Pinyon,SA
2000-09,2008,G Grenfell,SA
2000-09,2009,W Grenness,SA
2000-09,2000,G Robertson,WA
2000-09,2001,B Thompson,WA
2000-09,2002,J Moore,WA
2000-09,2003,D Felton,WA
2000-09,2004,J Corbett,WA
2000-09,2005,G Robertson,WA
2000-09,2006,J Moore,WA
2000-09,2007,D Felton,WA
2000-09,2008,J Corbett,WA
2000-09,2009,J Corbett,WA
2000-09,2000,W Grenness,NQ
2000-09,2001,W Grenness,NQ
2000-09,2002,P Schafferius,NQ
2000-09,2003,R Dyer,NQ
2000-09,2004,D Flynn,NQ
2000-09,2005,P Salamon,NQ
2000-09,2006,J Corbett,NQ
2000-09,2007,H Griffiths,NQ
2000-09,2008,M Buchanan,NQ
2000-09,2009,M Collings,NQ
2000-09,2000,T Doxford,NAT
2000-09,2001,J Corbett,NAT
2000-09,2002,P Salamon,NAT
2000-09,2003,P Salamon,NAT
2000-09,2004,C Cole,NAT
2000-09,2005,C Cole,NAT
2000-09,2006,C Garven,NAT
2000-09,2007,C Cole,NAT
2000-09,2008,M Buchanan,NAT
2000-09,2009,J Corbett,NAT
2000-09,2000,A Powell,NT
2000-09,2001,NA,NT
2000-09,2002,M Collings,NT
2000-09,2003,NA,NT
2000-09,2004,J Baxter,NT
2000-09,2005,NA,NT
2000-09,2006,F Baldwin,NT
2000-09,2007,NA,NT
2000-09,2008,R Dyer,NT
2000-09,2009,NA,NT
2000-09,2000,NA,ACT
2000-09,2001,NA,ACT
2000-09,2002,NA,ACT
2000-09,2003,NA,ACT
2000-09,2004,J Corbett,ACT
2000-09,2005,S Dunstall,ACT
2000-09,2006,W Grenness,ACT
2000-09,2007,J Corbett,ACT
2000-09,2008,A Bell,ACT
2000-09,2009,T Moon,ACT
2000-09,2000,NA,BISLEY
2000-09,2001,NA,BISLEY
2000-09,2002,NA,BISLEY
2000-09,2003,NA,BISLEY
2000-09,2004,NA,BISLEY
2000-09,2005,NA,BISLEY
2000-09,2006,NA,BISLEY
2000-09,2007,NA,BISLEY
2000-09,2008,NA,BISLEY
2010-19,2009,NA,BISLEY
2010-19,2010,S Negus,NSW
2010-19,2011,J Jeffery,NSW
2010-19,2012,S Negus,NSW
2010-19,2013,J Bailey,NSW
2010-19,2014,S Negus,NSW
2010-19,2015,J Bailey,NSW
2010-19,2016,J Corbett,NSW
2010-19,2017,NA,NSW
2010-19,2018,NA,NSW
2010-19,2019,NA,NSW
2010-19,2010,S Negus,VIC
2010-19,2011,J Bailey,VIC
2010-19,2012,J Corbett,VIC
2010-19,2013,D Brewster,VIC
2010-19,2014,M Pozzebon,VIC
2010-19,2015,G Grenfell,VIC
2010-19,2016,G Grenfell,VIC
2010-19,2017,NA,VIC
2010-19,2018,NA,VIC
2010-19,2019,NA,VIC
2010-19,2010,J Corbett,QLD
2010-19,2011,G Robertson,QLD
2010-19,2012,J Jeffery,QLD
2010-19,2013,C Cole,QLD
2010-19,2014,H Griffiths,QLD
2010-19,2015,P Thurtell,QLD
2010-19,2016,J Corbett,QLD
2010-19,2017,NA,QLD
2010-19,2018,NA,QLD
2010-19,2019,NA,QLD
2010-19,2010,J Corbett,TAS
2010-19,2011,J Corbett,TAS
2010-19,2012,J Hawkins,TAS
2010-19,2013,S Negus,TAS
2010-19,2014,M Teglasi,TAS
2010-19,2015,M Walters,TAS
2010-19,2016,S Negus,TAS
2010-19,2017,NA,TAS
2010-19,2018,NA,TAS
2010-19,2019,NA,TAS
2010-19,2010,F.O Pinyon,SA
2010-19,2011,J Stauwer,SA
2010-19,2012,J Corbett,SA
2010-19,2013,G Grenfell,SA
2010-19,2014,S Negus,SA
2010-19,2015,F.O Pinyon,SA
2010-19,2016,R Atkinson,SA
2010-19,2017,NA,SA
2010-19,2018,NA,SA
2010-19,2019,NA,SA
2010-19,2010,G Carlsen,WA
2010-19,2011,N Hughes,WA
2010-19,2012,D Martin,WA
2010-19,2013,J Moore,WA
2010-19,2014,M Forsberg,WA
2010-19,2015,G Craigie,WA
2010-19,2016,J Corbett,WA
2010-19,2017,NA,WA
2010-19,2018,NA,WA
2010-19,2019,NA,WA
2010-19,2010,J Corbett,NQ
2010-19,2011,H Griffiths,NQ
2010-19,2012,J Stauwer,NQ
2010-19,2013,J Bailey,NQ
2010-19,2014,J Bailey,NQ
2010-19,2015,J Bailey,NQ
2010-19,2016,B Emms,NQ
2010-19,2017,NA,NQ
2010-19,2018,NA,NQ
2010-19,2019,NA,NQ
2010-19,2010,B Litz,NAT
2010-19,2011,J Whidden,NAT
2010-19,2012,J Corbett,NAT
2010-19,2013,G Grenfell,NAT
2010-19,2014,G Grenfell,NAT
2010-19,2015,G Grenfell,NAT
2010-19,2016,J Corbett,NAT
2010-19,2017,NA,NAT
2010-19,2018,NA,NAT
2010-19,2019,NA,NAT
2010-19,2010,K Young,NT
2010-19,2011,NA,NT
2010-19,2012,J Baxter,NT
2010-19,2013,NA,NT
2010-19,2014,J Jeffery,NT
2010-19,2015,NA,NT
2010-19,2016,J Baxter,NT
2010-19,2017,NA,NT
2010-19,2018,NA,NT
2010-19,2019,NA,NT
2010-19,2010,S Dunstall,ACT
2010-19,2011,J Bailey,ACT
2010-19,2012,G Waddle,ACT
2010-19,2013,B Semmler,ACT
2010-19,2014,Ray Jones,ACT
2010-19,2015,P Thurtell,ACT
2010-19,2016,J Bailey,ACT
2010-19,2017,NA,ACT
2010-19,2018,NA,ACT
2010-19,2019,NA,ACT
2010-19,2010,NA,BISLEY
2010-19,2011,NA,BISLEY
2010-19,2012,NA,BISLEY
2010-19,2013,J Corbett,BISLEY
2010-19,2014,NA,BISLEY
2010-19,2015,NA,BISLEY
2010-19,2016,NA,BISLEY
2010-19,2017,NA,BISLEY
2010-19,2018,NA,BISLEY
2010-19,2019,NA,BISLEY
1980-89,1980,G Ayling,BAR
1980-89,1980,A Powell,WI
1980-89,1987,S Golinski,CAN
1990-99,1990,G Ayling,KEN
2000-09,2006,H Griffiths,BAR
1940-49,1949,S Kannar,NZ
1960-69,1966,J Caspers,NZ
1970-79,1972,J Cooper,NZ
1970-79,1979,K Golder,NZ
1980-89,1986,M Buchanan,NZ
1990-99,1991,G Berman,NZ
1990-99,1992,M Sweet,NZ
2000-09,2007,M Buchanan,NZ
2000-09,2009,D Rich,NZ
1970-79,1972,J Brooker,PNG
1990-1999,1998,R Rush,ZIM
1900-1909,1904,Pte WG Willoughby,CAN
2010-19,2017,J Bailey,NZ